Symbol,Observations,Missing_Count,Missing_Pct,Coverage_Pct,Eligible,Quality_Score
20MICRONS.NS,1598,0,0.0,100.0,True,100.0
21STCENMGM.NS,1598,0,0.0,100.0,True,100.0
360ONE.NS,1598,0,0.0,100.0,True,100.0
3IINFOLTD.NS,1598,0,0.0,100.0,True,100.0
3MINDIA.NS,1598,0,0.0,100.0,True,100.0
3PLAND.NS,1598,0,0.0,100.0,True,100.0
5PAISA.NS,1598,0,0.0,100.0,True,100.0
63MOONS.NS,1598,0,0.0,100.0,True,100.0
A2ZINFRA.NS,1598,0,0.0,100.0,True,100.0
AAKASH.NS,1598,0,0.0,100.0,True,100.0
AARON.NS,1598,0,0.0,100.0,True,100.0
AARTIDRUGS.NS,1598,0,0.0,100.0,True,100.0
AARTIIND.NS,1598,0,0.0,100.0,True,100.0
AARTISURF.NS,1467,131,0.08197747183979975,91.80225281602003,True,95.081351689612
AARVI.NS,1598,0,0.0,100.0,True,100.0
AAVAS.NS,1598,0,0.0,100.0,True,100.0
ABAN.NS,1598,0,0.0,100.0,True,100.0
ABB.NS,1598,0,0.0,100.0,True,100.0
ABBOTINDIA.NS,1598,0,0.0,100.0,True,100.0
ABCAPITAL.NS,1598,0,0.0,100.0,True,100.0
ABFRL.NS,1598,0,0.0,100.0,True,100.0
ABINFRA.NS,1598,0,0.0,100.0,True,100.0
ABMINTLLTD.NS,1598,0,0.0,100.0,True,100.0
ABREL.NS,1598,0,0.0,100.0,True,100.0
ACC.NS,1598,0,0.0,100.0,True,100.0
ACCELYA.NS,1598,0,0.0,100.0,True,100.0
ACCORD.NS,1598,0,0.0,100.0,True,100.0
ACCURACY.NS,1598,0,0.0,100.0,True,100.0
ACE.NS,1598,0,0.0,100.0,True,100.0
ACEINTEG.NS,1598,0,0.0,100.0,True,100.0
ACL.NS,1598,0,0.0,100.0,True,100.0
ADANIENSOL.NS,1598,0,0.0,100.0,True,100.0
ADANIENT.NS,1598,0,0.0,100.0,True,100.0
ADANIGREEN.NS,1598,0,0.0,100.0,True,100.0
ADANIPORTS.NS,1598,0,0.0,100.0,True,100.0
ADANIPOWER.NS,1598,0,0.0,100.0,True,100.0
ADFFOODS.NS,1598,0,0.0,100.0,True,100.0
ADOR.NS,1598,0,0.0,100.0,True,100.0
ADROITINFO.NS,1598,0,0.0,100.0,True,100.0
ADSL.NS,1598,0,0.0,100.0,True,100.0
ADVANIHOTR.NS,1598,0,0.0,100.0,True,100.0
ADVENZYMES.NS,1598,0,0.0,100.0,True,100.0
AEGISLOG.NS,1598,0,0.0,100.0,True,100.0
AFFLE.NS,1598,0,0.0,100.0,True,100.0
AGARIND.NS,1598,0,0.0,100.0,True,100.0
AGI.NS,1598,0,0.0,100.0,True,100.0
AGRITECH.NS,1598,0,0.0,100.0,True,100.0
AGROPHOS.NS,1598,0,0.0,100.0,True,100.0
AHIMSA.NS,1598,0,0.0,100.0,True,100.0
AHLADA.NS,1598,0,0.0,100.0,True,100.0
AHLEAST.NS,1598,0,0.0,100.0,True,100.0
AHLUCONT.NS,1598,0,0.0,100.0,True,100.0
AHLWEST.NS,1598,0,0.0,100.0,True,100.0
AIAENG.NS,1598,0,0.0,100.0,True,100.0
AIRAN.NS,1598,0,0.0,100.0,True,100.0
AIROLAM.NS,1598,0,0.0,100.0,True,100.0
AISL.NS,1598,0,0.0,100.0,True,100.0
AJANTPHARM.NS,1598,0,0.0,100.0,True,100.0
AJMERA.NS,1598,0,0.0,100.0,True,100.0
AJOONI.NS,1598,0,0.0,100.0,True,100.0
AKASH.NS,1598,0,0.0,100.0,True,100.0
AKG.NS,1598,0,0.0,100.0,True,100.0
AKSHARCHEM.NS,1598,0,0.0,100.0,True,100.0
AKSHOPTFBR.NS,1598,0,0.0,100.0,True,100.0
ALANKIT.NS,1598,0,0.0,100.0,True,100.0
ALBERTDAVD.NS,1598,0,0.0,100.0,True,100.0
ALEMBICLTD.NS,1598,0,0.0,100.0,True,100.0
ALICON.NS,1598,0,0.0,100.0,True,100.0
ALKALI.NS,1598,0,0.0,100.0,True,100.0
ALKEM.NS,1598,0,0.0,100.0,True,100.0
ALKYLAMINE.NS,1598,0,0.0,100.0,True,100.0
ALLCARGO.NS,1598,0,0.0,100.0,True,100.0
ALLDIGI.NS,1598,0,0.0,100.0,True,100.0
ALMONDZ.NS,1598,0,0.0,100.0,True,100.0
ALOKINDS.NS,1598,0,0.0,100.0,True,100.0
ALPA.NS,1598,0,0.0,100.0,True,100.0
ALPHAGEO.NS,1598,0,0.0,100.0,True,100.0
AMBER.NS,1598,0,0.0,100.0,True,100.0
AMBICAAGAR.NS,1598,0,0.0,100.0,True,100.0
AMBIKCO.NS,1598,0,0.0,100.0,True,100.0
AMBUJACEM.NS,1598,0,0.0,100.0,True,100.0
AMDIND.NS,1598,0,0.0,100.0,True,100.0
AMJLAND.NS,1598,0,0.0,100.0,True,100.0
AMRUTANJAN.NS,1598,0,0.0,100.0,True,100.0
ANANTRAJ.NS,1598,0,0.0,100.0,True,100.0
ANDHRAPAP.NS,1598,0,0.0,100.0,True,100.0
ANDHRSUGAR.NS,1598,0,0.0,100.0,True,100.0
ANIKINDS.NS,1598,0,0.0,100.0,True,100.0
ANKITMETAL.NS,1598,0,0.0,100.0,True,100.0
ANSALAPI.NS,1598,0,0.0,100.0,True,100.0
ANTELOPUS.NS,1598,0,0.0,100.0,True,100.0
ANTGRAPHIC.NS,1598,0,0.0,100.0,True,100.0
ANUP.NS,1598,0,0.0,100.0,True,100.0
APARINDS.NS,1598,0,0.0,100.0,True,100.0
APCL.NS,1598,0,0.0,100.0,True,100.0
APCOTEXIND.NS,1598,0,0.0,100.0,True,100.0
APEX.NS,1598,0,0.0,100.0,True,100.0
APLAPOLLO.NS,1598,0,0.0,100.0,True,100.0
APLLTD.NS,1598,0,0.0,100.0,True,100.0
APOLLO.NS,1598,0,0.0,100.0,True,100.0
APOLLOHOSP.NS,1598,0,0.0,100.0,True,100.0
APOLLOPIPE.NS,1598,0,0.0,100.0,True,100.0
APOLLOTYRE.NS,1598,0,0.0,100.0,True,100.0
APOLSINHOT.NS,1598,0,0.0,100.0,True,100.0
APTECHT.NS,1598,0,0.0,100.0,True,100.0
AQYLON.NS,1598,0,0.0,100.0,True,100.0
ARCHIDPLY.NS,1598,0,0.0,100.0,True,100.0
ARCHIES.NS,1598,0,0.0,100.0,True,100.0
ARE&M.NS,1598,0,0.0,100.0,True,100.0
ARENTERP.NS,1598,0,0.0,100.0,True,100.0
ARIES.NS,1598,0,0.0,100.0,True,100.0
ARIHANTSUP.NS,1598,0,0.0,100.0,True,100.0
ARMANFIN.NS,1598,0,0.0,100.0,True,100.0
AROGRANITE.NS,1598,0,0.0,100.0,True,100.0
ARROWGREEN.NS,1598,0,0.0,100.0,True,100.0
ARSHIYA.NS,1598,0,0.0,100.0,True,100.0
ARTEMISMED.NS,1580,18,0.011264080100125156,98.87359198998749,True,99.32415519399248
ARTNIRMAN.NS,1598,0,0.0,100.0,True,100.0
ARVEE.NS,1598,0,0.0,100.0,True,100.0
ARVIND.NS,1598,0,0.0,100.0,True,100.0
ARVINDFASN.NS,1598,0,0.0,100.0,True,100.0
ARVSMART.NS,1598,0,0.0,100.0,True,100.0
ASAHIINDIA.NS,1598,0,0.0,100.0,True,100.0
ASAHISONG.NS,1598,0,0.0,100.0,True,100.0
ASAL.NS,1598,0,0.0,100.0,True,100.0
ASALCBR.NS,1568,30,0.01877346683354193,98.1226533166458,True,98.87359198998747
ASCOM.NS,1598,0,0.0,100.0,True,100.0
ASHAPURMIN.NS,1598,0,0.0,100.0,True,100.0
ASHIANA.NS,1598,0,0.0,100.0,True,100.0
ASHIMASYN.NS,1598,0,0.0,100.0,True,100.0
ASHOKA.NS,1598,0,0.0,100.0,True,100.0
ASHOKLEY.NS,1598,0,0.0,100.0,True,100.0
ASIANHOTNR.NS,1598,0,0.0,100.0,True,100.0
ASIANPAINT.NS,1598,0,0.0,100.0,True,100.0
ASIANTILES.NS,1598,0,0.0,100.0,True,100.0
ASMS.NS,1598,0,0.0,100.0,True,100.0
ASPINWALL.NS,1598,0,0.0,100.0,True,100.0
ASTEC.NS,1598,0,0.0,100.0,True,100.0
ASTERDM.NS,1598,0,0.0,100.0,True,100.0
ASTRAL.NS,1598,0,0.0,100.0,True,100.0
ASTRAMICRO.NS,1598,0,0.0,100.0,True,100.0
ASTRAZEN.NS,1598,0,0.0,100.0,True,100.0
ASTRON.NS,1598,0,0.0,100.0,True,100.0
ATGL.NS,1598,0,0.0,100.0,True,100.0
ATLANTAA.NS,1598,0,0.0,100.0,True,100.0
ATLASCYCLE.NS,1598,0,0.0,100.0,True,100.0
ATUL.NS,1598,0,0.0,100.0,True,100.0
ATULAUTO.NS,1598,0,0.0,100.0,True,100.0
AUBANK.NS,1598,0,0.0,100.0,True,100.0
AURIGROW.NS,1598,0,0.0,100.0,True,100.0
AURIONPRO.NS,1598,0,0.0,100.0,True,100.0
AUROPHARMA.NS,1598,0,0.0,100.0,True,100.0
AURUM.NS,1598,0,0.0,100.0,True,100.0
AUSOMENT.NS,1598,0,0.0,100.0,True,100.0
AUTOAXLES.NS,1598,0,0.0,100.0,True,100.0
AUTOIND.NS,1598,0,0.0,100.0,True,100.0
AVADHSUGAR.NS,1598,0,0.0,100.0,True,100.0
AVANTIFEED.NS,1598,0,0.0,100.0,True,100.0
AVG.NS,1598,0,0.0,100.0,True,100.0
AVROIND.NS,1598,0,0.0,100.0,True,100.0
AVSL.NS,1598,0,0.0,100.0,True,100.0
AVTNPL.NS,1598,0,0.0,100.0,True,100.0
AXISBANK.NS,1598,0,0.0,100.0,True,100.0
AXISCADES.NS,1598,0,0.0,100.0,True,100.0
AYMSYNTEX.NS,1598,0,0.0,100.0,True,100.0
BAFNAPH.NS,1598,0,0.0,100.0,True,100.0
BAGFILMS.NS,1598,0,0.0,100.0,True,100.0
BAJAJ-AUTO.NS,1598,0,0.0,100.0,True,100.0
BAJAJCON.NS,1598,0,0.0,100.0,True,100.0
BAJAJELEC.NS,1598,0,0.0,100.0,True,100.0
BAJAJFINSV.NS,1598,0,0.0,100.0,True,100.0
BAJAJHIND.NS,1598,0,0.0,100.0,True,100.0
BAJAJHLDNG.NS,1598,0,0.0,100.0,True,100.0
BAJFINANCE.NS,1598,0,0.0,100.0,True,100.0
BALAJITELE.NS,1598,0,0.0,100.0,True,100.0
BALAMINES.NS,1598,0,0.0,100.0,True,100.0
BALAXI.NS,1598,0,0.0,100.0,True,100.0
BALKRISHNA.NS,1598,0,0.0,100.0,True,100.0
BALKRISIND.NS,1598,0,0.0,100.0,True,100.0
BALMLAWRIE.NS,1598,0,0.0,100.0,True,100.0
BALPHARMA.NS,1598,0,0.0,100.0,True,100.0
BALRAMCHIN.NS,1598,0,0.0,100.0,True,100.0
BANARBEADS.NS,1598,0,0.0,100.0,True,100.0
BANARISUG.NS,1598,0,0.0,100.0,True,100.0
BANCOINDIA.NS,1598,0,0.0,100.0,True,100.0
BANDHANBNK.NS,1598,0,0.0,100.0,True,100.0
BANG.NS,1598,0,0.0,100.0,True,100.0
BANKA.NS,1598,0,0.0,100.0,True,100.0
BANKBARODA.NS,1598,0,0.0,100.0,True,100.0
BANKINDIA.NS,1598,0,0.0,100.0,True,100.0
BANSWRAS.NS,1598,0,0.0,100.0,True,100.0
BASF.NS,1598,0,0.0,100.0,True,100.0
BASML.NS,1598,0,0.0,100.0,True,100.0
BATAINDIA.NS,1598,0,0.0,100.0,True,100.0
BAYERCROP.NS,1598,0,0.0,100.0,True,100.0
BBL.NS,1598,0,0.0,100.0,True,100.0
BBOX.NS,1598,0,0.0,100.0,True,100.0
BBTC.NS,1598,0,0.0,100.0,True,100.0
BBTCL.NS,1598,0,0.0,100.0,True,100.0
BCG.NS,1598,0,0.0,100.0,True,100.0
BCONCEPTS.NS,1598,0,0.0,100.0,True,100.0
BDL.NS,1598,0,0.0,100.0,True,100.0
BEARDSELL.NS,1598,0,0.0,100.0,True,100.0
BEDMUTHA.NS,1598,0,0.0,100.0,True,100.0
BEL.NS,1598,0,0.0,100.0,True,100.0
BEML.NS,1598,0,0.0,100.0,True,100.0
BEPL.NS,1598,0,0.0,100.0,True,100.0
BERGEPAINT.NS,1598,0,0.0,100.0,True,100.0
BFINVEST.NS,1598,0,0.0,100.0,True,100.0
BFUTILITIE.NS,1598,0,0.0,100.0,True,100.0
BGRENERGY.NS,1598,0,0.0,100.0,True,100.0
BHAGERIA.NS,1598,0,0.0,100.0,True,100.0
BHAGYANGR.NS,1598,0,0.0,100.0,True,100.0
BHANDARI.NS,1598,0,0.0,100.0,True,100.0
BHARATFORG.NS,1598,0,0.0,100.0,True,100.0
BHARATGEAR.NS,1598,0,0.0,100.0,True,100.0
BHARATRAS.NS,1598,0,0.0,100.0,True,100.0
BHARATWIRE.NS,1598,0,0.0,100.0,True,100.0
BHARTIARTL.NS,1598,0,0.0,100.0,True,100.0
BHEL.NS,1598,0,0.0,100.0,True,100.0
BIGBLOC.NS,1598,0,0.0,100.0,True,100.0
BIL.NS,1598,0,0.0,100.0,True,100.0
BIOCON.NS,1598,0,0.0,100.0,True,100.0
BIOFILCHEM.NS,1598,0,0.0,100.0,True,100.0
BIRLACABLE.NS,1598,0,0.0,100.0,True,100.0
BIRLACORPN.NS,1598,0,0.0,100.0,True,100.0
BIRLAMONEY.NS,1598,0,0.0,100.0,True,100.0
BIRLANU.NS,1598,0,0.0,100.0,True,100.0
BLBLIMITED.NS,1598,0,0.0,100.0,True,100.0
BLISSGVS.NS,1598,0,0.0,100.0,True,100.0
BLKASHYAP.NS,1598,0,0.0,100.0,True,100.0
BLS.NS,1598,0,0.0,100.0,True,100.0
BLUECHIP.NS,1598,0,0.0,100.0,True,100.0
BLUECOAST.NS,1598,0,0.0,100.0,True,100.0
BLUEDART.NS,1598,0,0.0,100.0,True,100.0
BLUESTARCO.NS,1598,0,0.0,100.0,True,100.0
BODALCHEM.NS,1598,0,0.0,100.0,True,100.0
BOHRAIND.NS,1598,0,0.0,100.0,True,100.0
BOMDYEING.NS,1598,0,0.0,100.0,True,100.0
BOROLTD.NS,1461,137,0.08573216520650813,91.42678347934918,True,94.85607008760951
BORORENEW.NS,1598,0,0.0,100.0,True,100.0
BOSCH-HCIL.NS,1598,0,0.0,100.0,True,100.0
BOSCHLTD.NS,1598,0,0.0,100.0,True,100.0
BPCL.NS,1598,0,0.0,100.0,True,100.0
BPL.NS,1598,0,0.0,100.0,True,100.0
BRIGADE.NS,1598,0,0.0,100.0,True,100.0
BRITANNIA.NS,1598,0,0.0,100.0,True,100.0
BRNL.NS,1598,0,0.0,100.0,True,100.0
BROOKS.NS,1598,0,0.0,100.0,True,100.0
BSE.NS,1598,0,0.0,100.0,True,100.0
BSHSL.NS,1598,0,0.0,100.0,True,100.0
BSL.NS,1598,0,0.0,100.0,True,100.0
BSOFT.NS,1598,0,0.0,100.0,True,100.0
BUTTERFLY.NS,1598,0,0.0,100.0,True,100.0
BVCL.NS,1598,0,0.0,100.0,True,100.0
BYKE.NS,1598,0,0.0,100.0,True,100.0
CADSYS.NS,1598,0,0.0,100.0,True,100.0
CALSOFT.NS,1598,0,0.0,100.0,True,100.0
CAMLINFINE.NS,1598,0,0.0,100.0,True,100.0
CANBK.NS,1598,0,0.0,100.0,True,100.0
CANFINHOME.NS,1598,0,0.0,100.0,True,100.0
CANTABIL.NS,1598,0,0.0,100.0,True,100.0
CAPACITE.NS,1598,0,0.0,100.0,True,100.0
CAPLIPOINT.NS,1598,0,0.0,100.0,True,100.0
CAPTRUST.NS,1598,0,0.0,100.0,True,100.0
CARBORUNIV.NS,1598,0,0.0,100.0,True,100.0
CARERATING.NS,1598,0,0.0,100.0,True,100.0
CASTROLIND.NS,1598,0,0.0,100.0,True,100.0
CCAVENUE.NS,1598,0,0.0,100.0,True,100.0
CCCL.NS,1598,0,0.0,100.0,True,100.0
CCHHL.NS,1598,0,0.0,100.0,True,100.0
CCL.NS,1598,0,0.0,100.0,True,100.0
CDSL.NS,1598,0,0.0,100.0,True,100.0
CEATLTD.NS,1598,0,0.0,100.0,True,100.0
CELEBRITY.NS,1598,0,0.0,100.0,True,100.0
CEMPRO.NS,1598,0,0.0,100.0,True,100.0
CENTENKA.NS,1598,0,0.0,100.0,True,100.0
CENTEXT.NS,1598,0,0.0,100.0,True,100.0
CENTRALBK.NS,1598,0,0.0,100.0,True,100.0
CENTRUM.NS,1598,0,0.0,100.0,True,100.0
CENTUM.NS,1598,0,0.0,100.0,True,100.0
CENTURYPLY.NS,1598,0,0.0,100.0,True,100.0
CERA.NS,1598,0,0.0,100.0,True,100.0
CEREBRAINT.NS,1598,0,0.0,100.0,True,100.0
CESC.NS,1598,0,0.0,100.0,True,100.0
CGCL.NS,1598,0,0.0,100.0,True,100.0
CGPOWER.NS,1598,0,0.0,100.0,True,100.0
CHALET.NS,1598,0,0.0,100.0,True,100.0
CHAMBLFERT.NS,1598,0,0.0,100.0,True,100.0
CHEMBOND.NS,1598,0,0.0,100.0,True,100.0
CHEMFAB.NS,1598,0,0.0,100.0,True,100.0
CHENNPETRO.NS,1598,0,0.0,100.0,True,100.0
CHOLAFIN.NS,1598,0,0.0,100.0,True,100.0
CHOLAHLDNG.NS,1598,0,0.0,100.0,True,100.0
CIEINDIA.NS,1598,0,0.0,100.0,True,100.0
CINELINE.NS,1598,0,0.0,100.0,True,100.0
CINEVISTA.NS,1598,0,0.0,100.0,True,100.0
CIPLA.NS,1598,0,0.0,100.0,True,100.0
CLEDUCATE.NS,1598,0,0.0,100.0,True,100.0
CNL.NS,1598,0,0.0,100.0,True,100.0
COALINDIA.NS,1598,0,0.0,100.0,True,100.0
COCHINSHIP.NS,1598,0,0.0,100.0,True,100.0
COFFEEDAY.NS,1598,0,0.0,100.0,True,100.0
COFORGE.NS,1598,0,0.0,100.0,True,100.0
COHANCE.NS,1551,47,0.029411764705882353,97.05882352941177,True,98.23529411764706
COLPAL.NS,1598,0,0.0,100.0,True,100.0
COMPINFO.NS,1598,0,0.0,100.0,True,100.0
COMPUSOFT.NS,1598,0,0.0,100.0,True,100.0
CONCOR.NS,1598,0,0.0,100.0,True,100.0
CONSOFINVT.NS,1598,0,0.0,100.0,True,100.0
CONTI.NS,1598,0,0.0,100.0,True,100.0
CONTROLPR.NS,1598,0,0.0,100.0,True,100.0
CORALFINAC.NS,1598,0,0.0,100.0,True,100.0
CORDSCABLE.NS,1598,0,0.0,100.0,True,100.0
COROMANDEL.NS,1598,0,0.0,100.0,True,100.0
COSMOFIRST.NS,1598,0,0.0,100.0,True,100.0
COUNCODOS.NS,1598,0,0.0,100.0,True,100.0
CPCAP.NS,1598,0,0.0,100.0,True,100.0
CREATIVEYE.NS,1598,0,0.0,100.0,True,100.0
CREDITACC.NS,1598,0,0.0,100.0,True,100.0
CREST.NS,1598,0,0.0,100.0,True,100.0
CRISIL.NS,1598,0,0.0,100.0,True,100.0
CROMPTON.NS,1598,0,0.0,100.0,True,100.0
CROWN.NS,1598,0,0.0,100.0,True,100.0
CSBBANK.NS,1598,0,0.0,100.0,True,100.0
CTE.NS,1598,0,0.0,100.0,True,100.0
CUB.NS,1598,0,0.0,100.0,True,100.0
CUBEXTUB.NS,1598,0,0.0,100.0,True,100.0
CUMMINSIND.NS,1598,0,0.0,100.0,True,100.0
CUPID.NS,1598,0,0.0,100.0,True,100.0
CURAA.NS,1598,0,0.0,100.0,True,100.0
CYBERMEDIA.NS,1598,0,0.0,100.0,True,100.0
CYBERTECH.NS,1598,0,0.0,100.0,True,100.0
CYIENT.NS,1598,0,0.0,100.0,True,100.0
DABUR.NS,1598,0,0.0,100.0,True,100.0
DALBHARAT.NS,1598,0,0.0,100.0,True,100.0
DALMIASUG.NS,1598,0,0.0,100.0,True,100.0
DAMODARIND.NS,1598,0,0.0,100.0,True,100.0
DANGEE.NS,1598,0,0.0,100.0,True,100.0
DATAMATICS.NS,1598,0,0.0,100.0,True,100.0
DBCORP.NS,1598,0,0.0,100.0,True,100.0
DBL.NS,1598,0,0.0,100.0,True,100.0
DBREALTY.NS,1598,0,0.0,100.0,True,100.0
DBSTOCKBRO.NS,1598,0,0.0,100.0,True,100.0
DCAL.NS,1598,0,0.0,100.0,True,100.0
DCBBANK.NS,1598,0,0.0,100.0,True,100.0
DCI.NS,1591,7,0.004380475594493116,99.56195244055068,True,99.7371714643304
DCM.NS,1598,0,0.0,100.0,True,100.0
DCMFINSERV.NS,1598,0,0.0,100.0,True,100.0
DCMNVL.NS,1598,0,0.0,100.0,True,100.0
DCMSHRIRAM.NS,1598,0,0.0,100.0,True,100.0
DCW.NS,1598,0,0.0,100.0,True,100.0
DECCANCE.NS,1598,0,0.0,100.0,True,100.0
DEEPAKFERT.NS,1598,0,0.0,100.0,True,100.0
DEEPAKNTR.NS,1598,0,0.0,100.0,True,100.0
DELPHIFX.NS,1598,0,0.0,100.0,True,100.0
DELTACORP.NS,1598,0,0.0,100.0,True,100.0
DELTAMAGNT.NS,1598,0,0.0,100.0,True,100.0
DEN.NS,1598,0,0.0,100.0,True,100.0
DENORA.NS,1598,0,0.0,100.0,True,100.0
DEVIT.NS,1598,0,0.0,100.0,True,100.0
DGCONTENT.NS,1598,0,0.0,100.0,True,100.0
DHAMPURSUG.NS,1598,0,0.0,100.0,True,100.0
DHANBANK.NS,1598,0,0.0,100.0,True,100.0
DHANUKA.NS,1598,0,0.0,100.0,True,100.0
DHUNINV.NS,1598,0,0.0,100.0,True,100.0
DIACABS.NS,1598,0,0.0,100.0,True,100.0
DIAMONDYD.NS,1598,0,0.0,100.0,True,100.0
DICIND.NS,1598,0,0.0,100.0,True,100.0
DIGISPICE.NS,1598,0,0.0,100.0,True,100.0
DIGJAMLMTD.NS,1598,0,0.0,100.0,True,100.0
DISHTV.NS,1598,0,0.0,100.0,True,100.0
DIVISLAB.NS,1598,0,0.0,100.0,True,100.0
DIXON.NS,1598,0,0.0,100.0,True,100.0
DLF.NS,1598,0,0.0,100.0,True,100.0
DLINKINDIA.NS,1598,0,0.0,100.0,True,100.0
DMART.NS,1598,0,0.0,100.0,True,100.0
DNAMEDIA.NS,1598,0,0.0,100.0,True,100.0
DOLATALGO.NS,1598,0,0.0,100.0,True,100.0
DOLLAR.NS,1598,0,0.0,100.0,True,100.0
DOLPHIN.NS,1598,0,0.0,100.0,True,100.0
DONEAR.NS,1598,0,0.0,100.0,True,100.0
DPABHUSHAN.NS,1598,0,0.0,100.0,True,100.0
DPSCLTD.NS,1598,0,0.0,100.0,True,100.0
DPWIRES.NS,1598,0,0.0,100.0,True,100.0
DREDGECORP.NS,1598,0,0.0,100.0,True,100.0
DRREDDY.NS,1598,0,0.0,100.0,True,100.0
DRSDILIP.NS,1598,0,0.0,100.0,True,100.0
DSSL.NS,1598,0,0.0,100.0,True,100.0
DTIL.NS,1598,0,0.0,100.0,True,100.0
DUCON.NS,1598,0,0.0,100.0,True,100.0
DVL.NS,1598,0,0.0,100.0,True,100.0
DWARKESH.NS,1598,0,0.0,100.0,True,100.0
DYNAMATECH.NS,1598,0,0.0,100.0,True,100.0
DYNPRO.NS,1598,0,0.0,100.0,True,100.0
E2E.NS,1598,0,0.0,100.0,True,100.0
EASTSILK.NS,1598,0,0.0,100.0,True,100.0
ECLERX.NS,1598,0,0.0,100.0,True,100.0
EDELWEISS.NS,1598,0,0.0,100.0,True,100.0
EICHERMOT.NS,1598,0,0.0,100.0,True,100.0
EIDPARRY.NS,1598,0,0.0,100.0,True,100.0
EIFFL.NS,1598,0,0.0,100.0,True,100.0
EIHAHOTELS.NS,1598,0,0.0,100.0,True,100.0
EIHOTEL.NS,1598,0,0.0,100.0,True,100.0
EIMCOELECO.NS,1598,0,0.0,100.0,True,100.0
EKC.NS,1598,0,0.0,100.0,True,100.0
ELECON.NS,1598,0,0.0,100.0,True,100.0
ELECTCAST.NS,1598,0,0.0,100.0,True,100.0
ELECTHERM.NS,1598,0,0.0,100.0,True,100.0
ELGIEQUIP.NS,1598,0,0.0,100.0,True,100.0
ELGIRUBCO.NS,1598,0,0.0,100.0,True,100.0
EMAMILTD.NS,1598,0,0.0,100.0,True,100.0
EMAMIREAL.NS,1598,0,0.0,100.0,True,100.0
EMBASSY.NS,1598,0,0.0,100.0,True,100.0
EMBDL.NS,1598,0,0.0,100.0,True,100.0
EMKAY.NS,1598,0,0.0,100.0,True,100.0
EMKAYTOOLS.NS,1598,0,0.0,100.0,True,100.0
EMMBI.NS,1598,0,0.0,100.0,True,100.0
ENDURANCE.NS,1598,0,0.0,100.0,True,100.0
ENERGYDEV.NS,1598,0,0.0,100.0,True,100.0
ENGINERSIN.NS,1598,0,0.0,100.0,True,100.0
ENIL.NS,1598,0,0.0,100.0,True,100.0
EPL.NS,1598,0,0.0,100.0,True,100.0
EQUIPPP.NS,1598,0,0.0,100.0,True,100.0
ERIS.NS,1598,0,0.0,100.0,True,100.0
ESABINDIA.NS,1598,0,0.0,100.0,True,100.0
ESCORTS.NS,1598,0,0.0,100.0,True,100.0
ESSARSHPNG.NS,1598,0,0.0,100.0,True,100.0
ESSENTIA.NS,1598,0,0.0,100.0,True,100.0
ESTER.NS,1598,0,0.0,100.0,True,100.0
EUROTEXIND.NS,1598,0,0.0,100.0,True,100.0
EVEREADY.NS,1598,0,0.0,100.0,True,100.0
EVERESTIND.NS,1598,0,0.0,100.0,True,100.0
EXCELINDUS.NS,1598,0,0.0,100.0,True,100.0
EXIDEIND.NS,1598,0,0.0,100.0,True,100.0
EXPLEOSOL.NS,1598,0,0.0,100.0,True,100.0
FACT.NS,1598,0,0.0,100.0,True,100.0
FCL.NS,1598,0,0.0,100.0,True,100.0
FCSSOFT.NS,1598,0,0.0,100.0,True,100.0
FDC.NS,1598,0,0.0,100.0,True,100.0
FEDERALBNK.NS,1598,0,0.0,100.0,True,100.0
FEL.NS,1598,0,0.0,100.0,True,100.0
FELDVR.NS,1598,0,0.0,100.0,True,100.0
FELIX.NS,1598,0,0.0,100.0,True,100.0
FIEMIND.NS,1598,0,0.0,100.0,True,100.0
FILATEX.NS,1598,0,0.0,100.0,True,100.0
FINCABLES.NS,1598,0,0.0,100.0,True,100.0
FINEORG.NS,1598,0,0.0,100.0,True,100.0
FINPIPE.NS,1598,0,0.0,100.0,True,100.0
FLEXITUFF.NS,1598,0,0.0,100.0,True,100.0
FLFL.NS,1598,0,0.0,100.0,True,100.0
FLUOROCHEM.NS,1598,0,0.0,100.0,True,100.0
FMGOETZE.NS,1598,0,0.0,100.0,True,100.0
FMNL.NS,1598,0,0.0,100.0,True,100.0
FOCUS.NS,1598,0,0.0,100.0,True,100.0
FORCEMOT.NS,1560,38,0.023779724655819776,97.62202753441802,True,98.57321652065082
FORTIS.NS,1598,0,0.0,100.0,True,100.0
FOSECOIND.NS,1598,0,0.0,100.0,True,100.0
FSL.NS,1598,0,0.0,100.0,True,100.0
GABRIEL.NS,1598,0,0.0,100.0,True,100.0
GAEL.NS,1598,0,0.0,100.0,True,100.0
GAIL.NS,1598,0,0.0,100.0,True,100.0
GALAXYSURF.NS,1598,0,0.0,100.0,True,100.0
GALLANTT.NS,1598,0,0.0,100.0,True,100.0
GANDHITUBE.NS,1598,0,0.0,100.0,True,100.0
GANECOS.NS,1598,0,0.0,100.0,True,100.0
GANESHHOU.NS,1598,0,0.0,100.0,True,100.0
GANGAFORGE.NS,1598,0,0.0,100.0,True,100.0
GANGESSECU.NS,1598,0,0.0,100.0,True,100.0
GARFIBRES.NS,1598,0,0.0,100.0,True,100.0
GATECH.NS,1598,0,0.0,100.0,True,100.0
GATECHDVR.NS,1598,0,0.0,100.0,True,100.0
GAYAHWS.NS,1598,0,0.0,100.0,True,100.0
GAYAPROJ.NS,1598,0,0.0,100.0,True,100.0
GEECEE.NS,1598,0,0.0,100.0,True,100.0
GEEKAYWIRE.NS,1598,0,0.0,100.0,True,100.0
GENESYS.NS,1598,0,0.0,100.0,True,100.0
GENUSPAPER.NS,1598,0,0.0,100.0,True,100.0
GENUSPOWER.NS,1598,0,0.0,100.0,True,100.0
GEOJITFSL.NS,1598,0,0.0,100.0,True,100.0
GESHIP.NS,1598,0,0.0,100.0,True,100.0
GFLLIMITED.NS,1598,0,0.0,100.0,True,100.0
GHCL.NS,1598,0,0.0,100.0,True,100.0
GICHSGFIN.NS,1598,0,0.0,100.0,True,100.0
GICL.NS,1598,0,0.0,100.0,True,100.0
GICRE.NS,1598,0,0.0,100.0,True,100.0
GILLANDERS.NS,1598,0,0.0,100.0,True,100.0
GILLETTE.NS,1598,0,0.0,100.0,True,100.0
GINNIFILA.NS,1598,0,0.0,100.0,True,100.0
GIPCL.NS,1598,0,0.0,100.0,True,100.0
GIRIRAJ.NS,1598,0,0.0,100.0,True,100.0
GKWLIMITED.NS,1598,0,0.0,100.0,True,100.0
GLAXO.NS,1598,0,0.0,100.0,True,100.0
GLENMARK.NS,1598,0,0.0,100.0,True,100.0
GLFL.NS,1598,0,0.0,100.0,True,100.0
GLOBAL.NS,1598,0,0.0,100.0,True,100.0
GLOBALVECT.NS,1598,0,0.0,100.0,True,100.0
GLOBE.NS,1598,0,0.0,100.0,True,100.0
GLOBUSSPR.NS,1598,0,0.0,100.0,True,100.0
GMBREW.NS,1598,0,0.0,100.0,True,100.0
GMDCLTD.NS,1598,0,0.0,100.0,True,100.0
GMMPFAUDLR.NS,1598,0,0.0,100.0,True,100.0
GMRAIRPORT.NS,1598,0,0.0,100.0,True,100.0
GNA.NS,1598,0,0.0,100.0,True,100.0
GNFC.NS,1598,0,0.0,100.0,True,100.0
GOACARBON.NS,1598,0,0.0,100.0,True,100.0
GOCLCORP.NS,1598,0,0.0,100.0,True,100.0
GODFRYPHLP.NS,1598,0,0.0,100.0,True,100.0
GODREJAGRO.NS,1598,0,0.0,100.0,True,100.0
GODREJCP.NS,1598,0,0.0,100.0,True,100.0
GODREJIND.NS,1598,0,0.0,100.0,True,100.0
GODREJPROP.NS,1598,0,0.0,100.0,True,100.0
GOKEX.NS,1598,0,0.0,100.0,True,100.0
GOKUL.NS,1598,0,0.0,100.0,True,100.0
GOKULAGRO.NS,1598,0,0.0,100.0,True,100.0
GOODLUCK.NS,1598,0,0.0,100.0,True,100.0
GPIL.NS,1598,0,0.0,100.0,True,100.0
GPPL.NS,1598,0,0.0,100.0,True,100.0
GPTINFRA.NS,1598,0,0.0,100.0,True,100.0
GRANULES.NS,1598,0,0.0,100.0,True,100.0
GRAPHITE.NS,1598,0,0.0,100.0,True,100.0
GRASIM.NS,1598,0,0.0,100.0,True,100.0
GRAVITA.NS,1598,0,0.0,100.0,True,100.0
GREAVESCOT.NS,1598,0,0.0,100.0,True,100.0
GREENLAM.NS,1598,0,0.0,100.0,True,100.0
GREENPANEL.NS,1598,0,0.0,100.0,True,100.0
GREENPLY.NS,1598,0,0.0,100.0,True,100.0
GREENPOWER.NS,1598,0,0.0,100.0,True,100.0
GRETEX.NS,1598,0,0.0,100.0,True,100.0
GRINDWELL.NS,1598,0,0.0,100.0,True,100.0
GROBTEA.NS,1598,0,0.0,100.0,True,100.0
GRPLTD.NS,1598,0,0.0,100.0,True,100.0
GRSE.NS,1598,0,0.0,100.0,True,100.0
GSFC.NS,1598,0,0.0,100.0,True,100.0
GSS.NS,1598,0,0.0,100.0,True,100.0
GTECJAINX.NS,1598,0,0.0,100.0,True,100.0
GTL.NS,1598,0,0.0,100.0,True,100.0
GTLINFRA.NS,1598,0,0.0,100.0,True,100.0
GTPL.NS,1598,0,0.0,100.0,True,100.0
GUFICBIO.NS,1598,0,0.0,100.0,True,100.0
GUJALKALI.NS,1598,0,0.0,100.0,True,100.0
GUJAPOLLO.NS,1598,0,0.0,100.0,True,100.0
GUJGASLTD.NS,1598,0,0.0,100.0,True,100.0
GUJRAFFIA.NS,1589,9,0.005632040050062578,99.43679599499374,True,99.66207759699624
GULFOILLUB.NS,1598,0,0.0,100.0,True,100.0
GULFPETRO.NS,1598,0,0.0,100.0,True,100.0
GULPOLY.NS,1598,0,0.0,100.0,True,100.0
GVKPIL.NS,1598,0,0.0,100.0,True,100.0
GVPIL.NS,1598,0,0.0,100.0,True,100.0
GVPTECH.NS,1598,0,0.0,100.0,True,100.0
GVT&D.NS,1598,0,0.0,100.0,True,100.0
HAL.NS,1598,0,0.0,100.0,True,100.0
HALEOSLABS.NS,1598,0,0.0,100.0,True,100.0
HARRMALAYA.NS,1598,0,0.0,100.0,True,100.0
HATHWAY.NS,1598,0,0.0,100.0,True,100.0
HATSUN.NS,1598,0,0.0,100.0,True,100.0
HAVELLS.NS,1598,0,0.0,100.0,True,100.0
HAVISHA.NS,1598,0,0.0,100.0,True,100.0
HBLENGINE.NS,1598,0,0.0,100.0,True,100.0
HBSL.NS,1598,0,0.0,100.0,True,100.0
HCC.NS,1598,0,0.0,100.0,True,100.0
HCG.NS,1598,0,0.0,100.0,True,100.0
HCL-INSYS.NS,1598,0,0.0,100.0,True,100.0
HCLTECH.NS,1598,0,0.0,100.0,True,100.0
HDFCAMC.NS,1598,0,0.0,100.0,True,100.0
HDFCBANK.NS,1598,0,0.0,100.0,True,100.0
HDFCLIFE.NS,1598,0,0.0,100.0,True,100.0
HDIL.NS,1598,0,0.0,100.0,True,100.0
HEADSUP.NS,1598,0,0.0,100.0,True,100.0
HECPROJECT.NS,1598,0,0.0,100.0,True,100.0
HEG.NS,1598,0,0.0,100.0,True,100.0
HEIDELBERG.NS,1598,0,0.0,100.0,True,100.0
HERITGFOOD.NS,1598,0,0.0,100.0,True,100.0
HEROMOTOCO.NS,1598,0,0.0,100.0,True,100.0
HESTERBIO.NS,1598,0,0.0,100.0,True,100.0
HEXATRADEX.NS,1598,0,0.0,100.0,True,100.0
HFCL.NS,1598,0,0.0,100.0,True,100.0
HGINFRA.NS,1598,0,0.0,100.0,True,100.0
HGM.NS,1598,0,0.0,100.0,True,100.0
HGS.NS,1598,0,0.0,100.0,True,100.0
HIKAL.NS,1598,0,0.0,100.0,True,100.0
HILTON.NS,1598,0,0.0,100.0,True,100.0
HIMATSEIDE.NS,1598,0,0.0,100.0,True,100.0
HINDALCO.NS,1598,0,0.0,100.0,True,100.0
HINDCOMPOS.NS,1598,0,0.0,100.0,True,100.0
HINDCON.NS,1598,0,0.0,100.0,True,100.0
HINDCOPPER.NS,1598,0,0.0,100.0,True,100.0
HINDOILEXP.NS,1598,0,0.0,100.0,True,100.0
HINDPETRO.NS,1598,0,0.0,100.0,True,100.0
HINDUNILVR.NS,1598,0,0.0,100.0,True,100.0
HINDWAREAP.NS,1598,0,0.0,100.0,True,100.0
HINDZINC.NS,1598,0,0.0,100.0,True,100.0
HIRECT.NS,1598,0,0.0,100.0,True,100.0
HISARMETAL.NS,1598,0,0.0,100.0,True,100.0
HITECH.NS,1598,0,0.0,100.0,True,100.0
HITECHCORP.NS,1598,0,0.0,100.0,True,100.0
HITECHGEAR.NS,1598,0,0.0,100.0,True,100.0
HLVLTD.NS,1598,0,0.0,100.0,True,100.0
HMT.NS,1598,0,0.0,100.0,True,100.0
HMVL.NS,1598,0,0.0,100.0,True,100.0
HNDFDS.NS,1598,0,0.0,100.0,True,100.0
HONAUT.NS,1598,0,0.0,100.0,True,100.0
HPIL.NS,1569,29,0.018147684605757195,98.18523153942428,True,98.91113892365456
HPL.NS,1598,0,0.0,100.0,True,100.0
HSCL.NS,1598,0,0.0,100.0,True,100.0
HTMEDIA.NS,1598,0,0.0,100.0,True,100.0
HUBTOWN.NS,1598,0,0.0,100.0,True,100.0
HUDCO.NS,1598,0,0.0,100.0,True,100.0
HUHTAMAKI.NS,1598,0,0.0,100.0,True,100.0
IBULLSLTD.NS,1598,0,0.0,100.0,True,100.0
ICEMAKE.NS,1598,0,0.0,100.0,True,100.0
ICICIBANK.NS,1598,0,0.0,100.0,True,100.0
ICICIGI.NS,1598,0,0.0,100.0,True,100.0
ICICIPRULI.NS,1598,0,0.0,100.0,True,100.0
ICIL.NS,1598,0,0.0,100.0,True,100.0
ICRA.NS,1598,0,0.0,100.0,True,100.0
IDBI.NS,1598,0,0.0,100.0,True,100.0
IDEA.NS,1598,0,0.0,100.0,True,100.0
IDFCFIRSTB.NS,1598,0,0.0,100.0,True,100.0
IEX.NS,1598,0,0.0,100.0,True,100.0
IFBAGRO.NS,1598,0,0.0,100.0,True,100.0
IFBIND.NS,1598,0,0.0,100.0,True,100.0
IFCI.NS,1598,0,0.0,100.0,True,100.0
IFGLEXPOR.NS,1598,0,0.0,100.0,True,100.0
IGARASHI.NS,1598,0,0.0,100.0,True,100.0
IGL.NS,1598,0,0.0,100.0,True,100.0
IGPL.NS,1598,0,0.0,100.0,True,100.0
IIFL.NS,1598,0,0.0,100.0,True,100.0
IIFLCAPS.NS,1598,0,0.0,100.0,True,100.0
IITL.NS,1598,0,0.0,100.0,True,100.0
IL&FSENGG.NS,1598,0,0.0,100.0,True,100.0
IL&FSTRANS.NS,1598,0,0.0,100.0,True,100.0
IMAGICAA.NS,1598,0,0.0,100.0,True,100.0
IMFA.NS,1598,0,0.0,100.0,True,100.0
IMPAL.NS,1598,0,0.0,100.0,True,100.0
IMPEXFERRO.NS,1598,0,0.0,100.0,True,100.0
INCREDIBLE.NS,1598,0,0.0,100.0,True,100.0
INDBANK.NS,1598,0,0.0,100.0,True,100.0
INDHOTEL.NS,1598,0,0.0,100.0,True,100.0
INDIACEM.NS,1598,0,0.0,100.0,True,100.0
INDIAGLYCO.NS,1598,0,0.0,100.0,True,100.0
INDIAMART.NS,1598,0,0.0,100.0,True,100.0
INDIANB.NS,1598,0,0.0,100.0,True,100.0
INDIANCARD.NS,1598,0,0.0,100.0,True,100.0
INDIANHUME.NS,1598,0,0.0,100.0,True,100.0
INDIGO.NS,1598,0,0.0,100.0,True,100.0
INDIGRID.NS,1598,0,0.0,100.0,True,100.0
INDNIPPON.NS,1598,0,0.0,100.0,True,100.0
INDOCO.NS,1598,0,0.0,100.0,True,100.0
INDORAMA.NS,1598,0,0.0,100.0,True,100.0
INDOSTAR.NS,1598,0,0.0,100.0,True,100.0
INDOTECH.NS,1598,0,0.0,100.0,True,100.0
INDOTHAI.NS,1598,0,0.0,100.0,True,100.0
INDOWIND.NS,1598,0,0.0,100.0,True,100.0
INDRAMEDCO.NS,1598,0,0.0,100.0,True,100.0
INDSWFTLAB.NS,1598,0,0.0,100.0,True,100.0
INDTERRAIN.NS,1598,0,0.0,100.0,True,100.0
INDUSINDBK.NS,1598,0,0.0,100.0,True,100.0
INDUSTOWER.NS,1598,0,0.0,100.0,True,100.0
INFOBEAN.NS,1598,0,0.0,100.0,True,100.0
INFOMEDIA.NS,1598,0,0.0,100.0,True,100.0
INFY.NS,1598,0,0.0,100.0,True,100.0
INGERRAND.NS,1598,0,0.0,100.0,True,100.0
INNOVANA.NS,1598,0,0.0,100.0,True,100.0
INOXWIND.NS,1598,0,0.0,100.0,True,100.0
INSECTICID.NS,1598,0,0.0,100.0,True,100.0
INSPIRISYS.NS,1598,0,0.0,100.0,True,100.0
INTELLECT.NS,1598,0,0.0,100.0,True,100.0
INTENTECH.NS,1598,0,0.0,100.0,True,100.0
INVENTURE.NS,1598,0,0.0,100.0,True,100.0
IOB.NS,1598,0,0.0,100.0,True,100.0
IOC.NS,1598,0,0.0,100.0,True,100.0
IOLCP.NS,1598,0,0.0,100.0,True,100.0
IPCALAB.NS,1598,0,0.0,100.0,True,100.0
IRB.NS,1598,0,0.0,100.0,True,100.0
IRBINVIT.NS,1598,0,0.0,100.0,True,100.0
IRCON.NS,1598,0,0.0,100.0,True,100.0
IRCTC.NS,1598,0,0.0,100.0,True,100.0
IRISDOREME.NS,1598,0,0.0,100.0,True,100.0
ISFT.NS,1598,0,0.0,100.0,True,100.0
ITC.NS,1598,0,0.0,100.0,True,100.0
ITDC.NS,1598,0,0.0,100.0,True,100.0
ITI.NS,1598,0,0.0,100.0,True,100.0
IVC.NS,1598,0,0.0,100.0,True,100.0
IVP.NS,1598,0,0.0,100.0,True,100.0
IZMO.NS,1598,0,0.0,100.0,True,100.0
J&KBANK.NS,1598,0,0.0,100.0,True,100.0
JAGRAN.NS,1598,0,0.0,100.0,True,100.0
JAGSNPHARM.NS,1598,0,0.0,100.0,True,100.0
JAIBALAJI.NS,1598,0,0.0,100.0,True,100.0
JAICORPLTD.NS,1598,0,0.0,100.0,True,100.0
JAIPURKURT.NS,1598,0,0.0,100.0,True,100.0
JAKHARIA.NS,1598,0,0.0,100.0,True,100.0
JALAN.NS,1598,0,0.0,100.0,True,100.0
JAMNAAUTO.NS,1598,0,0.0,100.0,True,100.0
JASH.NS,1598,0,0.0,100.0,True,100.0
JAYAGROGN.NS,1598,0,0.0,100.0,True,100.0
JAYBARMARU.NS,1598,0,0.0,100.0,True,100.0
JAYNECOIND.NS,1598,0,0.0,100.0,True,100.0
JAYSREETEA.NS,1598,0,0.0,100.0,True,100.0
JBCHEPHARM.NS,1598,0,0.0,100.0,True,100.0
JBMA.NS,1598,0,0.0,100.0,True,100.0
JETFREIGHT.NS,1598,0,0.0,100.0,True,100.0
JETKNIT.NS,1598,0,0.0,100.0,True,100.0
JHS.NS,1598,0,0.0,100.0,True,100.0
JINDALPHOT.NS,1598,0,0.0,100.0,True,100.0
JINDALPOLY.NS,1598,0,0.0,100.0,True,100.0
JINDALSAW.NS,1598,0,0.0,100.0,True,100.0
JINDALSTEL.NS,1598,0,0.0,100.0,True,100.0
JINDRILL.NS,1598,0,0.0,100.0,True,100.0
JINDWORLD.NS,1598,0,0.0,100.0,True,100.0
JISLDVREQS.NS,1598,0,0.0,100.0,True,100.0
JISLJALEQS.NS,1598,0,0.0,100.0,True,100.0
JITFINFRA.NS,1598,0,0.0,100.0,True,100.0
JKCEMENT.NS,1598,0,0.0,100.0,True,100.0
JKIL.NS,1598,0,0.0,100.0,True,100.0
JKLAKSHMI.NS,1598,0,0.0,100.0,True,100.0
JKPAPER.NS,1598,0,0.0,100.0,True,100.0
JKTYRE.NS,1598,0,0.0,100.0,True,100.0
JMA.NS,1598,0,0.0,100.0,True,100.0
JMFINANCIL.NS,1598,0,0.0,100.0,True,100.0
JOCIL.NS,1598,0,0.0,100.0,True,100.0
JPOLYINVST.NS,1598,0,0.0,100.0,True,100.0
JPPOWER.NS,1598,0,0.0,100.0,True,100.0
JSL.NS,1598,0,0.0,100.0,True,100.0
JSWDULUX.NS,1598,0,0.0,100.0,True,100.0
JSWENERGY.NS,1598,0,0.0,100.0,True,100.0
JSWHL.NS,1598,0,0.0,100.0,True,100.0
JSWSTEEL.NS,1598,0,0.0,100.0,True,100.0
JTEKTINDIA.NS,1598,0,0.0,100.0,True,100.0
JUBLFOOD.NS,1598,0,0.0,100.0,True,100.0
JUBLPHARMA.NS,1598,0,0.0,100.0,True,100.0
JUSTDIAL.NS,1598,0,0.0,100.0,True,100.0
JWL.NS,1598,0,0.0,100.0,True,100.0
JYOTHYLAB.NS,1598,0,0.0,100.0,True,100.0
JYOTISTRUC.NS,1598,0,0.0,100.0,True,100.0
KABRAEXTRU.NS,1598,0,0.0,100.0,True,100.0
KAJARIACER.NS,1598,0,0.0,100.0,True,100.0
KAKATCEM.NS,1598,0,0.0,100.0,True,100.0
KALYANIFRG.NS,1598,0,0.0,100.0,True,100.0
KAMATHOTEL.NS,1598,0,0.0,100.0,True,100.0
KAMDHENU.NS,1598,0,0.0,100.0,True,100.0
KANANIIND.NS,1598,0,0.0,100.0,True,100.0
KANORICHEM.NS,1598,0,0.0,100.0,True,100.0
KANSAINER.NS,1598,0,0.0,100.0,True,100.0
KAPSTON.NS,1598,0,0.0,100.0,True,100.0
KARMAENG.NS,1598,0,0.0,100.0,True,100.0
KARURVYSYA.NS,1598,0,0.0,100.0,True,100.0
KAUSHALYA.NS,1598,0,0.0,100.0,True,100.0
KAVDEFENCE.NS,1598,0,0.0,100.0,True,100.0
KAYA.NS,1598,0,0.0,100.0,True,100.0
KCP.NS,1598,0,0.0,100.0,True,100.0
KCPSUGIND.NS,1598,0,0.0,100.0,True,100.0
KDDL.NS,1598,0,0.0,100.0,True,100.0
KEC.NS,1598,0,0.0,100.0,True,100.0
KECL.NS,1598,0,0.0,100.0,True,100.0
KEI.NS,1598,0,0.0,100.0,True,100.0
KELLTONTEC.NS,1598,0,0.0,100.0,True,100.0
KERNEX.NS,1598,0,0.0,100.0,True,100.0
KESORAMIND.NS,1598,0,0.0,100.0,True,100.0
KEYFINSERV.NS,1598,0,0.0,100.0,True,100.0
KHADIM.NS,1598,0,0.0,100.0,True,100.0
KHAITANLTD.NS,1598,0,0.0,100.0,True,100.0
KHANDSE.NS,1598,0,0.0,100.0,True,100.0
KHFM.NS,1598,0,0.0,100.0,True,100.0
KICL.NS,1598,0,0.0,100.0,True,100.0
KILITCH.NS,1598,0,0.0,100.0,True,100.0
KINGFA.NS,1598,0,0.0,100.0,True,100.0
KIOCL.NS,1598,0,0.0,100.0,True,100.0
KIRIINDUS.NS,1598,0,0.0,100.0,True,100.0
KIRLOSBROS.NS,1598,0,0.0,100.0,True,100.0
KIRLOSENG.NS,1598,0,0.0,100.0,True,100.0
KIRLOSIND.NS,1598,0,0.0,100.0,True,100.0
KITEX.NS,1598,0,0.0,100.0,True,100.0
KKCL.NS,1598,0,0.0,100.0,True,100.0
KMSUGAR.NS,1598,0,0.0,100.0,True,100.0
KNRCON.NS,1598,0,0.0,100.0,True,100.0
KOHINOOR.NS,1598,0,0.0,100.0,True,100.0
KOKUYOCMLN.NS,1598,0,0.0,100.0,True,100.0
KOLTEPATIL.NS,1598,0,0.0,100.0,True,100.0
KOPRAN.NS,1598,0,0.0,100.0,True,100.0
KOTAKBANK.NS,1598,0,0.0,100.0,True,100.0
KOTARISUG.NS,1598,0,0.0,100.0,True,100.0
KOTHARIPET.NS,1598,0,0.0,100.0,True,100.0
KOTHARIPRO.NS,1598,0,0.0,100.0,True,100.0
KPIL.NS,1598,0,0.0,100.0,True,100.0
KPITTECH.NS,1598,0,0.0,100.0,True,100.0
KPRMILL.NS,1598,0,0.0,100.0,True,100.0
KRBL.NS,1598,0,0.0,100.0,True,100.0
KREBSBIO.NS,1598,0,0.0,100.0,True,100.0
KRIDHANINF.NS,1598,0,0.0,100.0,True,100.0
KRISHANA.NS,1598,0,0.0,100.0,True,100.0
KRITI.NS,1598,0,0.0,100.0,True,100.0
KRITIKA.NS,1598,0,0.0,100.0,True,100.0
KSB.NS,1598,0,0.0,100.0,True,100.0
KSCL.NS,1598,0,0.0,100.0,True,100.0
KSHITIJPOL.NS,1598,0,0.0,100.0,True,100.0
KSL.NS,1598,0,0.0,100.0,True,100.0
KSOLVES.NS,1449,149,0.09324155193992491,90.6758448060075,True,94.4055068836045
KTKBANK.NS,1598,0,0.0,100.0,True,100.0
KUANTUM.NS,1598,0,0.0,100.0,True,100.0
LAGNAM.NS,1598,0,0.0,100.0,True,100.0
LAKPRE.NS,1598,0,0.0,100.0,True,100.0
LALPATHLAB.NS,1598,0,0.0,100.0,True,100.0
LAMBODHARA.NS,1598,0,0.0,100.0,True,100.0
LANDSMILL.NS,1598,0,0.0,100.0,True,100.0
LAOPALA.NS,1598,0,0.0,100.0,True,100.0
LASA.NS,1598,0,0.0,100.0,True,100.0
LATTEYS.NS,1598,0,0.0,100.0,True,100.0
LAURUSLABS.NS,1598,0,0.0,100.0,True,100.0
LAXMICOT.NS,1598,0,0.0,100.0,True,100.0
LCCINFOTEC.NS,1598,0,0.0,100.0,True,100.0
LEMONTREE.NS,1598,0,0.0,100.0,True,100.0
LEXUS.NS,1598,0,0.0,100.0,True,100.0
LFIC.NS,1598,0,0.0,100.0,True,100.0
LGBBROSLTD.NS,1598,0,0.0,100.0,True,100.0
LGHL.NS,1516,82,0.05131414267834793,94.86858573216522,True,96.92115143929914
LIBAS.NS,1598,0,0.0,100.0,True,100.0
LIBERTSHOE.NS,1598,0,0.0,100.0,True,100.0
LICHSGFIN.NS,1598,0,0.0,100.0,True,100.0
LICNFNHGP.NS,1598,0,0.0,100.0,True,100.0
LINC.NS,1598,0,0.0,100.0,True,100.0
LINCOLN.NS,1598,0,0.0,100.0,True,100.0
LINDEINDIA.NS,1598,0,0.0,100.0,True,100.0
LLOYDSENGG.NS,1598,0,0.0,100.0,True,100.0
LMW.NS,1598,0,0.0,100.0,True,100.0
LOKESHMACH.NS,1598,0,0.0,100.0,True,100.0
LOTUSEYE.NS,1598,0,0.0,100.0,True,100.0
LOVABLE.NS,1598,0,0.0,100.0,True,100.0
LPDC.NS,1598,0,0.0,100.0,True,100.0
LT.NS,1598,0,0.0,100.0,True,100.0
LTF.NS,1598,0,0.0,100.0,True,100.0
LTFOODS.NS,1598,0,0.0,100.0,True,100.0
LTM.NS,1598,0,0.0,100.0,True,100.0
LTTS.NS,1598,0,0.0,100.0,True,100.0
LUMAXIND.NS,1598,0,0.0,100.0,True,100.0
LUMAXTECH.NS,1598,0,0.0,100.0,True,100.0
LUPIN.NS,1598,0,0.0,100.0,True,100.0
LUXIND.NS,1598,0,0.0,100.0,True,100.0
LYKALABS.NS,1598,0,0.0,100.0,True,100.0
LYPSAGEMS.NS,1598,0,0.0,100.0,True,100.0
M&M.NS,1598,0,0.0,100.0,True,100.0
M&MFIN.NS,1598,0,0.0,100.0,True,100.0
MAANALU.NS,1598,0,0.0,100.0,True,100.0
MACPOWER.NS,1598,0,0.0,100.0,True,100.0
MADHAV.NS,1598,0,0.0,100.0,True,100.0
MADHUCON.NS,1598,0,0.0,100.0,True,100.0
MADRASFERT.NS,1598,0,0.0,100.0,True,100.0
MAGADSUGAR.NS,1598,0,0.0,100.0,True,100.0
MAGNUM.NS,1598,0,0.0,100.0,True,100.0
MAHABANK.NS,1598,0,0.0,100.0,True,100.0
MAHAPEXLTD.NS,1598,0,0.0,100.0,True,100.0
MAHASTEEL.NS,1598,0,0.0,100.0,True,100.0
MAHEPC.NS,1566,32,0.02002503128911139,97.99749687108886,True,98.79849812265331
MAHESHWARI.NS,1598,0,0.0,100.0,True,100.0
MAHICKRA.NS,1598,0,0.0,100.0,True,100.0
MAHLIFE.NS,1598,0,0.0,100.0,True,100.0
MAHLOG.NS,1598,0,0.0,100.0,True,100.0
MAHSCOOTER.NS,1598,0,0.0,100.0,True,100.0
MAHSEAMLES.NS,1598,0,0.0,100.0,True,100.0
MAITHANALL.NS,1598,0,0.0,100.0,True,100.0
MALUPAPER.NS,1598,0,0.0,100.0,True,100.0
MANAKALUCO.NS,1598,0,0.0,100.0,True,100.0
MANAKCOAT.NS,1598,0,0.0,100.0,True,100.0
MANAKSIA.NS,1598,0,0.0,100.0,True,100.0
MANAKSTEEL.NS,1598,0,0.0,100.0,True,100.0
MANALIPETC.NS,1598,0,0.0,100.0,True,100.0
MANAPPURAM.NS,1598,0,0.0,100.0,True,100.0
MANAV.NS,1598,0,0.0,100.0,True,100.0
MANGALAM.NS,1598,0,0.0,100.0,True,100.0
MANGLMCEM.NS,1598,0,0.0,100.0,True,100.0
MANINDS.NS,1598,0,0.0,100.0,True,100.0
MANINFRA.NS,1598,0,0.0,100.0,True,100.0
MANUGRAPH.NS,1598,0,0.0,100.0,True,100.0
MARALOVER.NS,1598,0,0.0,100.0,True,100.0
MARATHON.NS,1598,0,0.0,100.0,True,100.0
MARICO.NS,1598,0,0.0,100.0,True,100.0
MARINE.NS,1598,0,0.0,100.0,True,100.0
MARKSANS.NS,1598,0,0.0,100.0,True,100.0
MARUTI.NS,1598,0,0.0,100.0,True,100.0
MASFIN.NS,1598,0,0.0,100.0,True,100.0
MASKINVEST.NS,1598,0,0.0,100.0,True,100.0
MASTEK.NS,1598,0,0.0,100.0,True,100.0
MATRIMONY.NS,1598,0,0.0,100.0,True,100.0
MAWANASUG.NS,1598,0,0.0,100.0,True,100.0
MAXHEALTH.NS,1439,159,0.09949937421777222,90.05006257822278,True,94.03003754693367
MAYURUNIQ.NS,1598,0,0.0,100.0,True,100.0
MAZDA.NS,1598,0,0.0,100.0,True,100.0
MBAPL.NS,1598,0,0.0,100.0,True,100.0
MBLINFRA.NS,1598,0,0.0,100.0,True,100.0
MCL.NS,1598,0,0.0,100.0,True,100.0
MCLEODRUSS.NS,1598,0,0.0,100.0,True,100.0
MCX.NS,1598,0,0.0,100.0,True,100.0
MDL.NS,1598,0,0.0,100.0,True,100.0
MENONBE.NS,1598,0,0.0,100.0,True,100.0
MEP.NS,1598,0,0.0,100.0,True,100.0
METROPOLIS.NS,1598,0,0.0,100.0,True,100.0
MFSL.NS,1598,0,0.0,100.0,True,100.0
MGEL.NS,1598,0,0.0,100.0,True,100.0
MGL.NS,1598,0,0.0,100.0,True,100.0
MHHL.NS,1598,0,0.0,100.0,True,100.0
MHRIL.NS,1598,0,0.0,100.0,True,100.0
MICEL.NS,1598,0,0.0,100.0,True,100.0
MIDHANI.NS,1598,0,0.0,100.0,True,100.0
MILTON.NS,1598,0,0.0,100.0,True,100.0
MINDACORP.NS,1598,0,0.0,100.0,True,100.0
MINDPOOL.NS,1598,0,0.0,100.0,True,100.0
MINDSPACE.NS,1449,149,0.09324155193992491,90.6758448060075,True,94.4055068836045
MINDTECK.NS,1598,0,0.0,100.0,True,100.0
MIRCELECTR.NS,1598,0,0.0,100.0,True,100.0
MIRZAINT.NS,1598,0,0.0,100.0,True,100.0
MITCON.NS,1598,0,0.0,100.0,True,100.0
MITTAL.NS,1598,0,0.0,100.0,True,100.0
MKPL.NS,1598,0,0.0,100.0,True,100.0
MMFL.NS,1598,0,0.0,100.0,True,100.0
MMP.NS,1598,0,0.0,100.0,True,100.0
MMTC.NS,1598,0,0.0,100.0,True,100.0
MODIRUBBER.NS,1598,0,0.0,100.0,True,100.0
MOHITIND.NS,1598,0,0.0,100.0,True,100.0
MOIL.NS,1598,0,0.0,100.0,True,100.0
MOKSH.NS,1598,0,0.0,100.0,True,100.0
MOLDTECH.NS,1598,0,0.0,100.0,True,100.0
MOLDTKPAC.NS,1598,0,0.0,100.0,True,100.0
MONTECARLO.NS,1598,0,0.0,100.0,True,100.0
MOREPENLAB.NS,1598,0,0.0,100.0,True,100.0
MOTHERSON.NS,1598,0,0.0,100.0,True,100.0
MOTILALOFS.NS,1598,0,0.0,100.0,True,100.0
MOTOGENFIN.NS,1598,0,0.0,100.0,True,100.0
MPHASIS.NS,1598,0,0.0,100.0,True,100.0
MPSLTD.NS,1598,0,0.0,100.0,True,100.0
MPTODAY.NS,1598,0,0.0,100.0,True,100.0
MRF.NS,1598,0,0.0,100.0,True,100.0
MRPL.NS,1598,0,0.0,100.0,True,100.0
MSPL.NS,1598,0,0.0,100.0,True,100.0
MSTCLTD.NS,1598,0,0.0,100.0,True,100.0
MTEDUCARE.NS,1598,0,0.0,100.0,True,100.0
MTNL.NS,1598,0,0.0,100.0,True,100.0
MUKANDLTD.NS,1598,0,0.0,100.0,True,100.0
MUKTAARTS.NS,1598,0,0.0,100.0,True,100.0
MUNJALAU.NS,1598,0,0.0,100.0,True,100.0
MUNJALSHOW.NS,1598,0,0.0,100.0,True,100.0
MURUDCERA.NS,1598,0,0.0,100.0,True,100.0
MUTHOOTCAP.NS,1598,0,0.0,100.0,True,100.0
MUTHOOTFIN.NS,1598,0,0.0,100.0,True,100.0
NACLIND.NS,1598,0,0.0,100.0,True,100.0
NAGAFERT.NS,1598,0,0.0,100.0,True,100.0
NAGREEKCAP.NS,1598,0,0.0,100.0,True,100.0
NAGREEKEXP.NS,1598,0,0.0,100.0,True,100.0
NAHARCAP.NS,1598,0,0.0,100.0,True,100.0
NAHARINDUS.NS,1598,0,0.0,100.0,True,100.0
NAHARPOLY.NS,1598,0,0.0,100.0,True,100.0
NAHARSPING.NS,1598,0,0.0,100.0,True,100.0
NAM-INDIA.NS,1598,0,0.0,100.0,True,100.0
NARMADA.NS,1598,0,0.0,100.0,True,100.0
NATCOPHARM.NS,1598,0,0.0,100.0,True,100.0
NATHBIOGEN.NS,1598,0,0.0,100.0,True,100.0
NATIONALUM.NS,1598,0,0.0,100.0,True,100.0
NAUKRI.NS,1598,0,0.0,100.0,True,100.0
NAVA.NS,1598,0,0.0,100.0,True,100.0
NAVINFLUOR.NS,1598,0,0.0,100.0,True,100.0
NAVKARCORP.NS,1598,0,0.0,100.0,True,100.0
NAVNETEDUL.NS,1598,0,0.0,100.0,True,100.0
NBCC.NS,1598,0,0.0,100.0,True,100.0
NBIFIN.NS,1598,0,0.0,100.0,True,100.0
NCC.NS,1598,0,0.0,100.0,True,100.0
NCLIND.NS,1598,0,0.0,100.0,True,100.0
NDGL.NS,1598,0,0.0,100.0,True,100.0
NDL.NS,1598,0,0.0,100.0,True,100.0
NDLVENTURE.NS,1598,0,0.0,100.0,True,100.0
NDRAUTO.NS,1455,143,0.08948685857321652,91.05131414267835,True,94.63078848560701
NDTV.NS,1598,0,0.0,100.0,True,100.0
NECCLTD.NS,1598,0,0.0,100.0,True,100.0
NECLIFE.NS,1598,0,0.0,100.0,True,100.0
NELCAST.NS,1598,0,0.0,100.0,True,100.0
NELCO.NS,1598,0,0.0,100.0,True,100.0
NEOGEN.NS,1598,0,0.0,100.0,True,100.0
NESCO.NS,1598,0,0.0,100.0,True,100.0
NESTLEIND.NS,1598,0,0.0,100.0,True,100.0
NETWORK18.NS,1598,0,0.0,100.0,True,100.0
NEULANDLAB.NS,1598,0,0.0,100.0,True,100.0
NEWGEN.NS,1598,0,0.0,100.0,True,100.0
NEXTMEDIA.NS,1598,0,0.0,100.0,True,100.0
NFL.NS,1598,0,0.0,100.0,True,100.0
NH.NS,1598,0,0.0,100.0,True,100.0
NHPC.NS,1598,0,0.0,100.0,True,100.0
NIACL.NS,1598,0,0.0,100.0,True,100.0
NIBL.NS,1598,0,0.0,100.0,True,100.0
NIITLTD.NS,1598,0,0.0,100.0,True,100.0
NILAINFRA.NS,1598,0,0.0,100.0,True,100.0
NILASPACES.NS,1598,0,0.0,100.0,True,100.0
NILKAMAL.NS,1598,0,0.0,100.0,True,100.0
NIPPOBATRY.NS,1598,0,0.0,100.0,True,100.0
NITCO.NS,1598,0,0.0,100.0,True,100.0
NITINSPIN.NS,1598,0,0.0,100.0,True,100.0
NITIRAJ.NS,1598,0,0.0,100.0,True,100.0
NKIND.NS,1598,0,0.0,100.0,True,100.0
NLCINDIA.NS,1598,0,0.0,100.0,True,100.0
NMDC.NS,1598,0,0.0,100.0,True,100.0
NOCIL.NS,1598,0,0.0,100.0,True,100.0
NOIDATOLL.NS,1598,0,0.0,100.0,True,100.0
NORBTEAEXP.NS,1598,0,0.0,100.0,True,100.0
NPBET.NS,1598,0,0.0,100.0,True,100.0
NRAIL.NS,1598,0,0.0,100.0,True,100.0
NRBBEARING.NS,1598,0,0.0,100.0,True,100.0
NSIL.NS,1598,0,0.0,100.0,True,100.0
NTPC.NS,1598,0,0.0,100.0,True,100.0
NUCLEUS.NS,1598,0,0.0,100.0,True,100.0
OAL.NS,1529,69,0.043178973717146435,95.68210262828536,True,97.40926157697122
OBEROIRLTY.NS,1598,0,0.0,100.0,True,100.0
OFSS.NS,1598,0,0.0,100.0,True,100.0
OIL.NS,1598,0,0.0,100.0,True,100.0
OILCOUNTUB.NS,1598,0,0.0,100.0,True,100.0
OLECTRA.NS,1598,0,0.0,100.0,True,100.0
OMAXAUTO.NS,1598,0,0.0,100.0,True,100.0
OMAXE.NS,1598,0,0.0,100.0,True,100.0
OMFURN.NS,1598,0,0.0,100.0,True,100.0
OMINFRAL.NS,1598,0,0.0,100.0,True,100.0
ONELIFECAP.NS,1598,0,0.0,100.0,True,100.0
ONEPOINT.NS,1598,0,0.0,100.0,True,100.0
ONGC.NS,1598,0,0.0,100.0,True,100.0
ONMOBILE.NS,1598,0,0.0,100.0,True,100.0
ONWARDTEC.NS,1598,0,0.0,100.0,True,100.0
OPTIEMUS.NS,1598,0,0.0,100.0,True,100.0
ORBTEXP.NS,1598,0,0.0,100.0,True,100.0
ORCHPHARMA.NS,1598,0,0.0,100.0,True,100.0
ORICONENT.NS,1598,0,0.0,100.0,True,100.0
ORIENTALTL.NS,1598,0,0.0,100.0,True,100.0
ORIENTBELL.NS,1598,0,0.0,100.0,True,100.0
ORIENTCEM.NS,1598,0,0.0,100.0,True,100.0
ORIENTCER.NS,1598,0,0.0,100.0,True,100.0
ORIENTELEC.NS,1598,0,0.0,100.0,True,100.0
ORIENTHOT.NS,1598,0,0.0,100.0,True,100.0
ORIENTLTD.NS,1598,0,0.0,100.0,True,100.0
ORIENTPPR.NS,1598,0,0.0,100.0,True,100.0
ORISSAMINE.NS,1598,0,0.0,100.0,True,100.0
ORTEL.NS,1598,0,0.0,100.0,True,100.0
ORTINGLOBE.NS,1598,0,0.0,100.0,True,100.0
OSIAHYPER.NS,1598,0,0.0,100.0,True,100.0
OSWALAGRO.NS,1598,0,0.0,100.0,True,100.0
OSWALGREEN.NS,1598,0,0.0,100.0,True,100.0
OSWALSEEDS.NS,1598,0,0.0,100.0,True,100.0
PAGEIND.NS,1598,0,0.0,100.0,True,100.0
PAISALO.NS,1598,0,0.0,100.0,True,100.0
PALASHSECU.NS,1598,0,0.0,100.0,True,100.0
PALREDTEC.NS,1598,0,0.0,100.0,True,100.0
PANACEABIO.NS,1598,0,0.0,100.0,True,100.0
PANACHE.NS,1598,0,0.0,100.0,True,100.0
PANAMAPET.NS,1598,0,0.0,100.0,True,100.0
PANSARI.NS,1598,0,0.0,100.0,True,100.0
PAR.NS,1598,0,0.0,100.0,True,100.0
PARACABLES.NS,1598,0,0.0,100.0,True,100.0
PARAGMILK.NS,1598,0,0.0,100.0,True,100.0
PARASPETRO.NS,1598,0,0.0,100.0,True,100.0
PARIN.NS,1598,0,0.0,100.0,True,100.0
PARSVNATH.NS,1598,0,0.0,100.0,True,100.0
PASHUPATI.NS,1598,0,0.0,100.0,True,100.0
PATANJALI.NS,1598,0,0.0,100.0,True,100.0
PATELENG.NS,1598,0,0.0,100.0,True,100.0
PATINTLOG.NS,1598,0,0.0,100.0,True,100.0
PCBL.NS,1598,0,0.0,100.0,True,100.0
PCJEWELLER.NS,1598,0,0.0,100.0,True,100.0
PDMJEPAPER.NS,1598,0,0.0,100.0,True,100.0
PDSL.NS,1598,0,0.0,100.0,True,100.0
PEARLPOLY.NS,1598,0,0.0,100.0,True,100.0
PENIND.NS,1598,0,0.0,100.0,True,100.0
PENINLAND.NS,1598,0,0.0,100.0,True,100.0
PERSISTENT.NS,1598,0,0.0,100.0,True,100.0
PETRONET.NS,1598,0,0.0,100.0,True,100.0
PFC.NS,1598,0,0.0,100.0,True,100.0
PFIZER.NS,1598,0,0.0,100.0,True,100.0
PFOCUS.NS,1598,0,0.0,100.0,True,100.0
PFS.NS,1598,0,0.0,100.0,True,100.0
PGEL.NS,1598,0,0.0,100.0,True,100.0
PGHH.NS,1598,0,0.0,100.0,True,100.0
PGHL.NS,1598,0,0.0,100.0,True,100.0
PGIL.NS,1598,0,0.0,100.0,True,100.0
PHOENIXLTD.NS,1598,0,0.0,100.0,True,100.0
PIDILITIND.NS,1598,0,0.0,100.0,True,100.0
PIGL.NS,1598,0,0.0,100.0,True,100.0
PIIND.NS,1598,0,0.0,100.0,True,100.0
PILANIINVS.NS,1598,0,0.0,100.0,True,100.0
PILITA.NS,1598,0,0.0,100.0,True,100.0
PIONEEREMB.NS,1598,0,0.0,100.0,True,100.0
PITTIENG.NS,1598,0,0.0,100.0,True,100.0
PKTEA.NS,1598,0,0.0,100.0,True,100.0
PLASTIBLEN.NS,1598,0,0.0,100.0,True,100.0
PNB.NS,1598,0,0.0,100.0,True,100.0
PNBHOUSING.NS,1598,0,0.0,100.0,True,100.0
PNC.NS,1598,0,0.0,100.0,True,100.0
PNCINFRA.NS,1598,0,0.0,100.0,True,100.0
POCL.NS,1598,0,0.0,100.0,True,100.0
PODDARMENT.NS,1598,0,0.0,100.0,True,100.0
POKARNA.NS,1598,0,0.0,100.0,True,100.0
POLYCAB.NS,1598,0,0.0,100.0,True,100.0
POLYMED.NS,1598,0,0.0,100.0,True,100.0
POLYPLEX.NS,1598,0,0.0,100.0,True,100.0
PONNIERODE.NS,1598,0,0.0,100.0,True,100.0
POONAWALLA.NS,1598,0,0.0,100.0,True,100.0
POWERGRID.NS,1598,0,0.0,100.0,True,100.0
POWERINDIA.NS,1537,61,0.038172715894868585,96.18272841051314,True,97.70963704630788
POWERMECH.NS,1598,0,0.0,100.0,True,100.0
PPAP.NS,1598,0,0.0,100.0,True,100.0
PPL.NS,1598,0,0.0,100.0,True,100.0
PRAENG.NS,1598,0,0.0,100.0,True,100.0
PRAJIND.NS,1598,0,0.0,100.0,True,100.0
PRAKASH.NS,1598,0,0.0,100.0,True,100.0
PRAKASHSTL.NS,1598,0,0.0,100.0,True,100.0
PRAXIS.NS,1598,0,0.0,100.0,True,100.0
PRECAM.NS,1598,0,0.0,100.0,True,100.0
PRECOT.NS,1598,0,0.0,100.0,True,100.0
PRECWIRE.NS,1598,0,0.0,100.0,True,100.0
PREMEXPLN.NS,1598,0,0.0,100.0,True,100.0
PREMIER.NS,1598,0,0.0,100.0,True,100.0
PREMIERPOL.NS,1598,0,0.0,100.0,True,100.0
PRESTIGE.NS,1598,0,0.0,100.0,True,100.0
PRICOLLTD.NS,1598,0,0.0,100.0,True,100.0
PRIMESECU.NS,1598,0,0.0,100.0,True,100.0
PRINCEPIPE.NS,1598,0,0.0,100.0,True,100.0
PRITI.NS,1598,0,0.0,100.0,True,100.0
PRIVISCL.NS,1598,0,0.0,100.0,True,100.0
PROLIFE.NS,1598,0,0.0,100.0,True,100.0
PROZONER.NS,1598,0,0.0,100.0,True,100.0
PRSMJOHNSN.NS,1598,0,0.0,100.0,True,100.0
PSB.NS,1598,0,0.0,100.0,True,100.0
PSPPROJECT.NS,1598,0,0.0,100.0,True,100.0
PTC.NS,1598,0,0.0,100.0,True,100.0
PTL.NS,1598,0,0.0,100.0,True,100.0
PULZ.NS,1598,0,0.0,100.0,True,100.0
PUNJABCHEM.NS,1598,0,0.0,100.0,True,100.0
PURVA.NS,1598,0,0.0,100.0,True,100.0
PVP.NS,1598,0,0.0,100.0,True,100.0
PVRINOX.NS,1598,0,0.0,100.0,True,100.0
QUESS.NS,1598,0,0.0,100.0,True,100.0
QUICKHEAL.NS,1598,0,0.0,100.0,True,100.0
RADAAN.NS,1598,0,0.0,100.0,True,100.0
RADICO.NS,1598,0,0.0,100.0,True,100.0
RADIOCITY.NS,1598,0,0.0,100.0,True,100.0
RAIN.NS,1598,0,0.0,100.0,True,100.0
RAJESHEXPO.NS,1598,0,0.0,100.0,True,100.0
RAJMET.NS,1598,0,0.0,100.0,True,100.0
RAJRATAN.NS,1503,95,0.05944931163954944,94.05506883604505,True,96.43304130162703
RAJRILTD.NS,1598,0,0.0,100.0,True,100.0
RAJSREESUG.NS,1598,0,0.0,100.0,True,100.0
RAJTV.NS,1598,0,0.0,100.0,True,100.0
RALLIS.NS,1598,0,0.0,100.0,True,100.0
RAMANEWS.NS,1598,0,0.0,100.0,True,100.0
RAMASTEEL.NS,1598,0,0.0,100.0,True,100.0
RAMCOCEM.NS,1598,0,0.0,100.0,True,100.0
RAMCOIND.NS,1598,0,0.0,100.0,True,100.0
RAMCOSYS.NS,1598,0,0.0,100.0,True,100.0
RAMKY.NS,1598,0,0.0,100.0,True,100.0
RANASUG.NS,1598,0,0.0,100.0,True,100.0
RANEHOLDIN.NS,1598,0,0.0,100.0,True,100.0
RATNAMANI.NS,1598,0,0.0,100.0,True,100.0
RAYMOND.NS,1598,0,0.0,100.0,True,100.0
RBLBANK.NS,1598,0,0.0,100.0,True,100.0
RCF.NS,1598,0,0.0,100.0,True,100.0
RCOM.NS,1598,0,0.0,100.0,True,100.0
RECLTD.NS,1598,0,0.0,100.0,True,100.0
REDINGTON.NS,1598,0,0.0,100.0,True,100.0
REFEX.NS,1598,0,0.0,100.0,True,100.0
REGENCERAM.NS,1598,0,0.0,100.0,True,100.0
RELAXO.NS,1598,0,0.0,100.0,True,100.0
RELIABLE.NS,1598,0,0.0,100.0,True,100.0
RELIANCE.NS,1598,0,0.0,100.0,True,100.0
RELIGARE.NS,1598,0,0.0,100.0,True,100.0
REMSONSIND.NS,1598,0,0.0,100.0,True,100.0
RENUKA.NS,1598,0,0.0,100.0,True,100.0
REPCOHOME.NS,1598,0,0.0,100.0,True,100.0
REPL.NS,1598,0,0.0,100.0,True,100.0
REPRO.NS,1598,0,0.0,100.0,True,100.0
RESPONIND.NS,1598,0,0.0,100.0,True,100.0
RGL.NS,1598,0,0.0,100.0,True,100.0
RHFL.NS,1598,0,0.0,100.0,True,100.0
RHIM.NS,1598,0,0.0,100.0,True,100.0
RICOAUTO.NS,1598,0,0.0,100.0,True,100.0
RIIL.NS,1598,0,0.0,100.0,True,100.0
RITES.NS,1598,0,0.0,100.0,True,100.0
RKDL.NS,1598,0,0.0,100.0,True,100.0
RKEC.NS,1598,0,0.0,100.0,True,100.0
RKFORGE.NS,1598,0,0.0,100.0,True,100.0
RMDRIP.NS,1598,0,0.0,100.0,True,100.0
RML.NS,1598,0,0.0,100.0,True,100.0
ROHLTD.NS,1598,0,0.0,100.0,True,100.0
ROLLT.NS,1598,0,0.0,100.0,True,100.0
ROML.NS,1598,0,0.0,100.0,True,100.0
ROSSARI.NS,1460,138,0.08635794743429287,91.36420525657071,True,94.81852315394244
ROSSELLIND.NS,1598,0,0.0,100.0,True,100.0
RPGLIFE.NS,1598,0,0.0,100.0,True,100.0
RPOWER.NS,1598,0,0.0,100.0,True,100.0
RPPINFRA.NS,1598,0,0.0,100.0,True,100.0
RPPL.NS,1598,0,0.0,100.0,True,100.0
RPSGVENT.NS,1598,0,0.0,100.0,True,100.0
RSSOFTWARE.NS,1598,0,0.0,100.0,True,100.0
RSWM.NS,1598,0,0.0,100.0,True,100.0
RSYSTEMS.NS,1598,0,0.0,100.0,True,100.0
RTNINDIA.NS,1598,0,0.0,100.0,True,100.0
RTNPOWER.NS,1598,0,0.0,100.0,True,100.0
RUBYMILLS.NS,1598,0,0.0,100.0,True,100.0
RUCHINFRA.NS,1598,0,0.0,100.0,True,100.0
RUCHIRA.NS,1598,0,0.0,100.0,True,100.0
RUPA.NS,1598,0,0.0,100.0,True,100.0
RUSHIL.NS,1598,0,0.0,100.0,True,100.0
RVNL.NS,1598,0,0.0,100.0,True,100.0
S&SPOWER.NS,1537,61,0.038172715894868585,96.18272841051314,True,97.70963704630788
SADBHAV.NS,1598,0,0.0,100.0,True,100.0
SADBHIN.NS,1598,0,0.0,100.0,True,100.0
SAFARI.NS,1598,0,0.0,100.0,True,100.0
SAGARDEEP.NS,1598,0,0.0,100.0,True,100.0
SAGCEM.NS,1598,0,0.0,100.0,True,100.0
SAIL.NS,1598,0,0.0,100.0,True,100.0
SAKAR.NS,1598,0,0.0,100.0,True,100.0
SAKHTISUG.NS,1598,0,0.0,100.0,True,100.0
SAKSOFT.NS,1598,0,0.0,100.0,True,100.0
SAKUMA.NS,1598,0,0.0,100.0,True,100.0
SALASAR.NS,1598,0,0.0,100.0,True,100.0
SALONA.NS,1598,0,0.0,100.0,True,100.0
SALSTEEL.NS,1598,0,0.0,100.0,True,100.0
SALZERELEC.NS,1598,0,0.0,100.0,True,100.0
SAMBHAAV.NS,1598,0,0.0,100.0,True,100.0
SAMMAANCAP.NS,1598,0,0.0,100.0,True,100.0
SAMPANN.NS,1598,0,0.0,100.0,True,100.0
SANCO.NS,1598,0,0.0,100.0,True,100.0
SANDESH.NS,1598,0,0.0,100.0,True,100.0
SANDHAR.NS,1598,0,0.0,100.0,True,100.0
SANGAMIND.NS,1598,0,0.0,100.0,True,100.0
SANGHVIMOV.NS,1598,0,0.0,100.0,True,100.0
SANGINITA.NS,1598,0,0.0,100.0,True,100.0
SANOFI.NS,1598,0,0.0,100.0,True,100.0
SANWARIA.NS,1598,0,0.0,100.0,True,100.0
SARDAEN.NS,1598,0,0.0,100.0,True,100.0
SAREGAMA.NS,1598,0,0.0,100.0,True,100.0
SARLAPOLY.NS,1598,0,0.0,100.0,True,100.0
SARVESHWAR.NS,1598,0,0.0,100.0,True,100.0
SASKEN.NS,1598,0,0.0,100.0,True,100.0
SATIA.NS,1598,0,0.0,100.0,True,100.0
SATIN.NS,1598,0,0.0,100.0,True,100.0
SBICARD.NS,1547,51,0.031914893617021274,96.80851063829788,True,98.08510638297872
SBILIFE.NS,1598,0,0.0,100.0,True,100.0
SBIN.NS,1598,0,0.0,100.0,True,100.0
SCHAEFFLER.NS,1598,0,0.0,100.0,True,100.0
SCHAND.NS,1598,0,0.0,100.0,True,100.0
SCHNEIDER.NS,1598,0,0.0,100.0,True,100.0
SCI.NS,1598,0,0.0,100.0,True,100.0
SDBL.NS,1598,0,0.0,100.0,True,100.0
SEAMECLTD.NS,1598,0,0.0,100.0,True,100.0
SECURKLOUD.NS,1598,0,0.0,100.0,True,100.0
SEJALLTD.NS,1598,0,0.0,100.0,True,100.0
SELMC.NS,1598,0,0.0,100.0,True,100.0
SEMAC.NS,1598,0,0.0,100.0,True,100.0
SEPC.NS,1598,0,0.0,100.0,True,100.0
SERVOTECH.NS,1598,0,0.0,100.0,True,100.0
SESHAPAPER.NS,1598,0,0.0,100.0,True,100.0
SETCO.NS,1598,0,0.0,100.0,True,100.0
SEYAIND.NS,1598,0,0.0,100.0,True,100.0
SFL.NS,1598,0,0.0,100.0,True,100.0
SGL.NS,1598,0,0.0,100.0,True,100.0
SHAH.NS,1598,0,0.0,100.0,True,100.0
SHAHALLOYS.NS,1598,0,0.0,100.0,True,100.0
SHAIVAL.NS,1598,0,0.0,100.0,True,100.0
SHAKTIPUMP.NS,1598,0,0.0,100.0,True,100.0
SHALBY.NS,1598,0,0.0,100.0,True,100.0
SHALPAINTS.NS,1598,0,0.0,100.0,True,100.0
SHANKARA.NS,1598,0,0.0,100.0,True,100.0
SHANTI.NS,1598,0,0.0,100.0,True,100.0
SHANTIGEAR.NS,1598,0,0.0,100.0,True,100.0
SHARDACROP.NS,1598,0,0.0,100.0,True,100.0
SHARDAMOTR.NS,1598,0,0.0,100.0,True,100.0
SHEKHAWATI.NS,1598,0,0.0,100.0,True,100.0
SHEMAROO.NS,1598,0,0.0,100.0,True,100.0
SHILPAMED.NS,1598,0,0.0,100.0,True,100.0
SHIVAMAUTO.NS,1598,0,0.0,100.0,True,100.0
SHIVAMILLS.NS,1598,0,0.0,100.0,True,100.0
SHIVATEX.NS,1598,0,0.0,100.0,True,100.0
SHIVAUM.NS,1598,0,0.0,100.0,True,100.0
SHK.NS,1598,0,0.0,100.0,True,100.0
SHOPERSTOP.NS,1598,0,0.0,100.0,True,100.0
SHRADHA.NS,1598,0,0.0,100.0,True,100.0
SHREDIGCEM.NS,1598,0,0.0,100.0,True,100.0
SHREECEM.NS,1598,0,0.0,100.0,True,100.0
SHREEPUSHK.NS,1598,0,0.0,100.0,True,100.0
SHREERAMA.NS,1598,0,0.0,100.0,True,100.0
SHRENIK.NS,1598,0,0.0,100.0,True,100.0
SHREYANIND.NS,1598,0,0.0,100.0,True,100.0
SHRIPISTON.NS,1598,0,0.0,100.0,True,100.0
SHRIRAMFIN.NS,1598,0,0.0,100.0,True,100.0
SHUBHLAXMI.NS,1598,0,0.0,100.0,True,100.0
SHYAMCENT.NS,1598,0,0.0,100.0,True,100.0
SHYAMTEL.NS,1598,0,0.0,100.0,True,100.0
SICALLOG.NS,1598,0,0.0,100.0,True,100.0
SIEMENS.NS,1598,0,0.0,100.0,True,100.0
SIGIND.NS,1598,0,0.0,100.0,True,100.0
SIGMAADV.NS,1598,0,0.0,100.0,True,100.0
SIKKO.NS,1598,0,0.0,100.0,True,100.0
SIL.NS,1598,0,0.0,100.0,True,100.0
SILGO.NS,1598,0,0.0,100.0,True,100.0
SILINV.NS,1598,0,0.0,100.0,True,100.0
SILLYMONKS.NS,1598,0,0.0,100.0,True,100.0
SIMPLEXINF.NS,1598,0,0.0,100.0,True,100.0
SINTERCOM.NS,1598,0,0.0,100.0,True,100.0
SIRCA.NS,1598,0,0.0,100.0,True,100.0
SIS.NS,1598,0,0.0,100.0,True,100.0
SITINET.NS,1598,0,0.0,100.0,True,100.0
SIYSIL.NS,1598,0,0.0,100.0,True,100.0
SJVN.NS,1598,0,0.0,100.0,True,100.0
SKFINDIA.NS,1598,0,0.0,100.0,True,100.0
SKIPPER.NS,1598,0,0.0,100.0,True,100.0
SKMEGGPROD.NS,1598,0,0.0,100.0,True,100.0
SMARTLINK.NS,1598,0,0.0,100.0,True,100.0
SMLMAH.NS,1598,0,0.0,100.0,True,100.0
SMSPHARMA.NS,1598,0,0.0,100.0,True,100.0
SMVD.NS,1598,0,0.0,100.0,True,100.0
SNOWMAN.NS,1598,0,0.0,100.0,True,100.0
SOBHA.NS,1598,0,0.0,100.0,True,100.0
SOFTTECH.NS,1598,0,0.0,100.0,True,100.0
SOLARA.NS,1598,0,0.0,100.0,True,100.0
SOLARINDS.NS,1598,0,0.0,100.0,True,100.0
SOLEX.NS,1598,0,0.0,100.0,True,100.0
SOMANYCERA.NS,1598,0,0.0,100.0,True,100.0
SOMATEX.NS,1598,0,0.0,100.0,True,100.0
SOMICONVEY.NS,1598,0,0.0,100.0,True,100.0
SONAMLTD.NS,1598,0,0.0,100.0,True,100.0
SONATSOFTW.NS,1598,0,0.0,100.0,True,100.0
SOTL.NS,1598,0,0.0,100.0,True,100.0
SOUTHBANK.NS,1598,0,0.0,100.0,True,100.0
SOUTHWEST.NS,1598,0,0.0,100.0,True,100.0
SPAL.NS,1598,0,0.0,100.0,True,100.0
SPANDANA.NS,1598,0,0.0,100.0,True,100.0
SPARC.NS,1598,0,0.0,100.0,True,100.0
SPCENET.NS,1598,0,0.0,100.0,True,100.0
SPECIALITY.NS,1598,0,0.0,100.0,True,100.0
SPECTRUM.NS,1598,0,0.0,100.0,True,100.0
SPENCERS.NS,1598,0,0.0,100.0,True,100.0
SPIC.NS,1598,0,0.0,100.0,True,100.0
SPLIL.NS,1598,0,0.0,100.0,True,100.0
SPLPETRO.NS,1598,0,0.0,100.0,True,100.0
SPMLINFRA.NS,1598,0,0.0,100.0,True,100.0
SREEL.NS,1598,0,0.0,100.0,True,100.0
SRF.NS,1598,0,0.0,100.0,True,100.0
SRHHYPOLTD.NS,1598,0,0.0,100.0,True,100.0
SSWL.NS,1598,0,0.0,100.0,True,100.0
STAR.NS,1598,0,0.0,100.0,True,100.0
STARCEMENT.NS,1598,0,0.0,100.0,True,100.0
STARPAPER.NS,1598,0,0.0,100.0,True,100.0
STCINDIA.NS,1598,0,0.0,100.0,True,100.0
STEELCITY.NS,1598,0,0.0,100.0,True,100.0
STEELXIND.NS,1598,0,0.0,100.0,True,100.0
STEL.NS,1598,0,0.0,100.0,True,100.0
STERTOOLS.NS,1598,0,0.0,100.0,True,100.0
STLTECH.NS,1598,0,0.0,100.0,True,100.0
STYRENIX.NS,1598,0,0.0,100.0,True,100.0
SUBEXLTD.NS,1598,0,0.0,100.0,True,100.0
SUBROS.NS,1598,0,0.0,100.0,True,100.0
SUDARCOLOR.NS,1598,0,0.0,100.0,True,100.0
SUDARSCHEM.NS,1598,0,0.0,100.0,True,100.0
SUMEETINDS.NS,1598,0,0.0,100.0,True,100.0
SUMICHEM.NS,1580,18,0.011264080100125156,98.87359198998749,True,99.32415519399248
SUMIT.NS,1598,0,0.0,100.0,True,100.0
SUMMITSEC.NS,1598,0,0.0,100.0,True,100.0
SUNDARAM.NS,1598,0,0.0,100.0,True,100.0
SUNDARMFIN.NS,1598,0,0.0,100.0,True,100.0
SUNDRMBRAK.NS,1598,0,0.0,100.0,True,100.0
SUNDRMFAST.NS,1598,0,0.0,100.0,True,100.0
SUNDROP.NS,1598,0,0.0,100.0,True,100.0
SUNFLAG.NS,1598,0,0.0,100.0,True,100.0
SUNPHARMA.NS,1598,0,0.0,100.0,True,100.0
SUNTECK.NS,1598,0,0.0,100.0,True,100.0
SUNTV.NS,1598,0,0.0,100.0,True,100.0
SUPERHOUSE.NS,1598,0,0.0,100.0,True,100.0
SUPERSPIN.NS,1598,0,0.0,100.0,True,100.0
SUPRAJIT.NS,1598,0,0.0,100.0,True,100.0
SUPREMEENG.NS,1598,0,0.0,100.0,True,100.0
SUPREMEIND.NS,1598,0,0.0,100.0,True,100.0
SUPREMEINF.NS,1598,0,0.0,100.0,True,100.0
SURANASOL.NS,1598,0,0.0,100.0,True,100.0
SURANAT&P.NS,1598,0,0.0,100.0,True,100.0
SURANI.NS,1598,0,0.0,100.0,True,100.0
SURYALAXMI.NS,1598,0,0.0,100.0,True,100.0
SURYAROSNI.NS,1598,0,0.0,100.0,True,100.0
SUTLEJTEX.NS,1598,0,0.0,100.0,True,100.0
SUVEN.NS,1598,0,0.0,100.0,True,100.0
SUZLON.NS,1598,0,0.0,100.0,True,100.0
SVLL.NS,1598,0,0.0,100.0,True,100.0
SWANCORP.NS,1598,0,0.0,100.0,True,100.0
SWANDEF.NS,1598,0,0.0,100.0,True,100.0
SWARAJENG.NS,1598,0,0.0,100.0,True,100.0
SWELECTES.NS,1598,0,0.0,100.0,True,100.0
SWSOLAR.NS,1598,0,0.0,100.0,True,100.0
SYMPHONY.NS,1598,0,0.0,100.0,True,100.0
SYNGENE.NS,1598,0,0.0,100.0,True,100.0
TAINWALCHM.NS,1598,0,0.0,100.0,True,100.0
TAJGVK.NS,1598,0,0.0,100.0,True,100.0
TAKE.NS,1598,0,0.0,100.0,True,100.0
TALBROAUTO.NS,1598,0,0.0,100.0,True,100.0
TANLA.NS,1598,0,0.0,100.0,True,100.0
TARACHAND.NS,1598,0,0.0,100.0,True,100.0
TARAPUR.NS,1598,0,0.0,100.0,True,100.0
TARIL.NS,1598,0,0.0,100.0,True,100.0
TARMAT.NS,1598,0,0.0,100.0,True,100.0
TASTYBITE.NS,1598,0,0.0,100.0,True,100.0
TATACHEM.NS,1598,0,0.0,100.0,True,100.0
TATACOMM.NS,1598,0,0.0,100.0,True,100.0
TATACONSUM.NS,1598,0,0.0,100.0,True,100.0
TATAELXSI.NS,1598,0,0.0,100.0,True,100.0
TATAINVEST.NS,1598,0,0.0,100.0,True,100.0
TATAPOWER.NS,1598,0,0.0,100.0,True,100.0
TATASTEEL.NS,1598,0,0.0,100.0,True,100.0
TBZ.NS,1598,0,0.0,100.0,True,100.0
TCI.NS,1598,0,0.0,100.0,True,100.0
TCIEXP.NS,1598,0,0.0,100.0,True,100.0
TCIFINANCE.NS,1598,0,0.0,100.0,True,100.0
TCPLPACK.NS,1598,0,0.0,100.0,True,100.0
TCS.NS,1598,0,0.0,100.0,True,100.0
TDPOWERSYS.NS,1598,0,0.0,100.0,True,100.0
TEAMGTY.NS,1598,0,0.0,100.0,True,100.0
TEAMLEASE.NS,1598,0,0.0,100.0,True,100.0
TECHM.NS,1598,0,0.0,100.0,True,100.0
TECHNOE.NS,1598,0,0.0,100.0,True,100.0
TEJASNET.NS,1598,0,0.0,100.0,True,100.0
TEMBO.NS,1598,0,0.0,100.0,True,100.0
TERASOFT.NS,1598,0,0.0,100.0,True,100.0
TEXINFRA.NS,1598,0,0.0,100.0,True,100.0
TEXMOPIPES.NS,1598,0,0.0,100.0,True,100.0
TEXRAIL.NS,1598,0,0.0,100.0,True,100.0
TFCILTD.NS,1598,0,0.0,100.0,True,100.0
TFL.NS,1598,0,0.0,100.0,True,100.0
TGBHOTELS.NS,1598,0,0.0,100.0,True,100.0
THANGAMAYL.NS,1598,0,0.0,100.0,True,100.0
THEINVEST.NS,1598,0,0.0,100.0,True,100.0
THEJO.NS,1598,0,0.0,100.0,True,100.0
THEMISMED.NS,1598,0,0.0,100.0,True,100.0
THERMAX.NS,1598,0,0.0,100.0,True,100.0
THOMASCOOK.NS,1598,0,0.0,100.0,True,100.0
THOMASCOTT.NS,1598,0,0.0,100.0,True,100.0
THYROCARE.NS,1598,0,0.0,100.0,True,100.0
TI.NS,1598,0,0.0,100.0,True,100.0
TICL.NS,1598,0,0.0,100.0,True,100.0
TIIL.NS,1598,0,0.0,100.0,True,100.0
TIINDIA.NS,1598,0,0.0,100.0,True,100.0
TIJARIA.NS,1598,0,0.0,100.0,True,100.0
TIL.NS,1598,0,0.0,100.0,True,100.0
TIMETECHNO.NS,1598,0,0.0,100.0,True,100.0
TIMKEN.NS,1598,0,0.0,100.0,True,100.0
TIPSMUSIC.NS,1598,0,0.0,100.0,True,100.0
TIRUMALCHM.NS,1598,0,0.0,100.0,True,100.0
TIRUPATI.NS,1598,0,0.0,100.0,True,100.0
TIRUPATIFL.NS,1598,0,0.0,100.0,True,100.0
TITAGARH.NS,1598,0,0.0,100.0,True,100.0
TITAN.NS,1598,0,0.0,100.0,True,100.0
TMPV.NS,1598,0,0.0,100.0,True,100.0
TNPETRO.NS,1598,0,0.0,100.0,True,100.0
TNPL.NS,1598,0,0.0,100.0,True,100.0
TNTELE.NS,1598,0,0.0,100.0,True,100.0
TOKYOPLAST.NS,1598,0,0.0,100.0,True,100.0
TORNTPHARM.NS,1598,0,0.0,100.0,True,100.0
TORNTPOWER.NS,1598,0,0.0,100.0,True,100.0
TOTAL.NS,1598,0,0.0,100.0,True,100.0
TOUCHWOOD.NS,1598,0,0.0,100.0,True,100.0
TPHQ.NS,1598,0,0.0,100.0,True,100.0
TPLPLASTEH.NS,1598,0,0.0,100.0,True,100.0
TRANSWIND.NS,1598,0,0.0,100.0,True,100.0
TRANSWORLD.NS,1598,0,0.0,100.0,True,100.0
TREEHOUSE.NS,1598,0,0.0,100.0,True,100.0
TREJHARA.NS,1598,0,0.0,100.0,True,100.0
TRENT.NS,1598,0,0.0,100.0,True,100.0
TRF.NS,1598,0,0.0,100.0,True,100.0
TRIDENT.NS,1598,0,0.0,100.0,True,100.0
TRIGYN.NS,1598,0,0.0,100.0,True,100.0
TRITURBINE.NS,1598,0,0.0,100.0,True,100.0
TRIVENI.NS,1598,0,0.0,100.0,True,100.0
TSFINV.NS,1598,0,0.0,100.0,True,100.0
TTKHLTCARE.NS,1598,0,0.0,100.0,True,100.0
TTKPRESTIG.NS,1598,0,0.0,100.0,True,100.0
TTL.NS,1598,0,0.0,100.0,True,100.0
TTML.NS,1598,0,0.0,100.0,True,100.0
TVSELECT.NS,1598,0,0.0,100.0,True,100.0
TVSHLTD.NS,1598,0,0.0,100.0,True,100.0
TVSMOTOR.NS,1598,0,0.0,100.0,True,100.0
TVSSRICHAK.NS,1598,0,0.0,100.0,True,100.0
TVTODAY.NS,1598,0,0.0,100.0,True,100.0
TVVISION.NS,1598,0,0.0,100.0,True,100.0
UBL.NS,1598,0,0.0,100.0,True,100.0
UCAL.NS,1598,0,0.0,100.0,True,100.0
UCL.NS,1598,0,0.0,100.0,True,100.0
UCOBANK.NS,1598,0,0.0,100.0,True,100.0
UEL.NS,1598,0,0.0,100.0,True,100.0
UFLEX.NS,1598,0,0.0,100.0,True,100.0
UFO.NS,1598,0,0.0,100.0,True,100.0
UGARSUGAR.NS,1598,0,0.0,100.0,True,100.0
UJJIVANSFB.NS,1598,0,0.0,100.0,True,100.0
ULTRACEMCO.NS,1598,0,0.0,100.0,True,100.0
UMESLTD.NS,1598,0,0.0,100.0,True,100.0
UMIYA-MRO.NS,1598,0,0.0,100.0,True,100.0
UNICHEMLAB.NS,1598,0,0.0,100.0,True,100.0
UNIENTER.NS,1598,0,0.0,100.0,True,100.0
UNIINFO.NS,1598,0,0.0,100.0,True,100.0
UNIONBANK.NS,1598,0,0.0,100.0,True,100.0
UNITDSPR.NS,1598,0,0.0,100.0,True,100.0
UNITECH.NS,1598,0,0.0,100.0,True,100.0
UNITEDPOLY.NS,1598,0,0.0,100.0,True,100.0
UNITEDTEA.NS,1598,0,0.0,100.0,True,100.0
UNIVASTU.NS,1598,0,0.0,100.0,True,100.0
UNIVCABLES.NS,1598,0,0.0,100.0,True,100.0
UNIVPHOTO.NS,1566,32,0.02002503128911139,97.99749687108886,True,98.79849812265331
UNOMINDA.NS,1598,0,0.0,100.0,True,100.0
UPL.NS,1598,0,0.0,100.0,True,100.0
URAVIDEF.NS,1598,0,0.0,100.0,True,100.0
URJA.NS,1598,0,0.0,100.0,True,100.0
USHAMART.NS,1598,0,0.0,100.0,True,100.0
UTTAMSUGAR.NS,1598,0,0.0,100.0,True,100.0
UWCSL.NS,1598,0,0.0,100.0,True,100.0
V2RETAIL.NS,1598,0,0.0,100.0,True,100.0
VADILALIND.NS,1598,0,0.0,100.0,True,100.0
VAIBHAVGBL.NS,1598,0,0.0,100.0,True,100.0
VAISHALI.NS,1598,0,0.0,100.0,True,100.0
VAKRANGEE.NS,1598,0,0.0,100.0,True,100.0
VARDHACRLC.NS,1598,0,0.0,100.0,True,100.0
VARDMNPOLY.NS,1598,0,0.0,100.0,True,100.0
VARROC.NS,1598,0,0.0,100.0,True,100.0
VASA.NS,1598,0,0.0,100.0,True,100.0
VASCONEQ.NS,1598,0,0.0,100.0,True,100.0
VASWANI.NS,1598,0,0.0,100.0,True,100.0
VBL.NS,1598,0,0.0,100.0,True,100.0
VEDL.NS,1598,0,0.0,100.0,True,100.0
VEEDOL.NS,1598,0,0.0,100.0,True,100.0
VENKEYS.NS,1598,0,0.0,100.0,True,100.0
VENUSREM.NS,1598,0,0.0,100.0,True,100.0
VERA.NS,1598,0,0.0,100.0,True,100.0
VERTOZ.NS,1598,0,0.0,100.0,True,100.0
VESUVIUS.NS,1598,0,0.0,100.0,True,100.0
VETO.NS,1598,0,0.0,100.0,True,100.0
VGL.NS,1598,0,0.0,100.0,True,100.0
VGUARD.NS,1598,0,0.0,100.0,True,100.0
VHL.NS,1598,0,0.0,100.0,True,100.0
VHLTD.NS,1598,0,0.0,100.0,True,100.0
VIDHIING.NS,1598,0,0.0,100.0,True,100.0
VIJIFIN.NS,1598,0,0.0,100.0,True,100.0
VIKASECO.NS,1598,0,0.0,100.0,True,100.0
VIKASLIFE.NS,1598,0,0.0,100.0,True,100.0
VIMTALABS.NS,1598,0,0.0,100.0,True,100.0
VINATIORGA.NS,1598,0,0.0,100.0,True,100.0
VINDHYATEL.NS,1598,0,0.0,100.0,True,100.0
VINNY.NS,1598,0,0.0,100.0,True,100.0
VINYLINDIA.NS,1598,0,0.0,100.0,True,100.0
VIPCLOTHNG.NS,1598,0,0.0,100.0,True,100.0
VIPIND.NS,1598,0,0.0,100.0,True,100.0
VIPULLTD.NS,1598,0,0.0,100.0,True,100.0
VISAKAIND.NS,1598,0,0.0,100.0,True,100.0
VISASTEEL.NS,1598,0,0.0,100.0,True,100.0
VISHNU.NS,1598,0,0.0,100.0,True,100.0
VISHWARAJ.NS,1598,0,0.0,100.0,True,100.0
VIVIDHA.NS,1598,0,0.0,100.0,True,100.0
VIVIMEDLAB.NS,1598,0,0.0,100.0,True,100.0
VIYASH.NS,1598,0,0.0,100.0,True,100.0
VLSFINANCE.NS,1598,0,0.0,100.0,True,100.0
VMART.NS,1598,0,0.0,100.0,True,100.0
VOLTAMP.NS,1598,0,0.0,100.0,True,100.0
VOLTAS.NS,1598,0,0.0,100.0,True,100.0
VRLLOG.NS,1598,0,0.0,100.0,True,100.0
VSCL.NS,1598,0,0.0,100.0,True,100.0
VSSL.NS,1598,0,0.0,100.0,True,100.0
VSTIND.NS,1598,0,0.0,100.0,True,100.0
VSTTILLERS.NS,1598,0,0.0,100.0,True,100.0
VTL.NS,1598,0,0.0,100.0,True,100.0
WAAREEINDO.NS,1598,0,0.0,100.0,True,100.0
WABAG.NS,1598,0,0.0,100.0,True,100.0
WALCHANNAG.NS,1598,0,0.0,100.0,True,100.0
WANBURY.NS,1598,0,0.0,100.0,True,100.0
WEALTH.NS,1598,0,0.0,100.0,True,100.0
WEBELSOLAR.NS,1598,0,0.0,100.0,True,100.0
WEIZMANIND.NS,1598,0,0.0,100.0,True,100.0
WEL.NS,1598,0,0.0,100.0,True,100.0
WELCORP.NS,1598,0,0.0,100.0,True,100.0
WELENT.NS,1598,0,0.0,100.0,True,100.0
WELINV.NS,1598,0,0.0,100.0,True,100.0
WELSPUNLIV.NS,1598,0,0.0,100.0,True,100.0
WENDT.NS,1598,0,0.0,100.0,True,100.0
WESTLIFE.NS,1598,0,0.0,100.0,True,100.0
WEWIN.NS,1598,0,0.0,100.0,True,100.0
WHEELS.NS,1598,0,0.0,100.0,True,100.0
WHIRLPOOL.NS,1598,0,0.0,100.0,True,100.0
WILLAMAGOR.NS,1598,0,0.0,100.0,True,100.0
WINDMACHIN.NS,1598,0,0.0,100.0,True,100.0
WINSOME.NS,1598,0,0.0,100.0,True,100.0
WIPL.NS,1598,0,0.0,100.0,True,100.0
WIPRO.NS,1598,0,0.0,100.0,True,100.0
WOCKPHARMA.NS,1598,0,0.0,100.0,True,100.0
WONDERLA.NS,1598,0,0.0,100.0,True,100.0
WORTHPERI.NS,1598,0,0.0,100.0,True,100.0
WSI.NS,1598,0,0.0,100.0,True,100.0
WSTCSTPAPR.NS,1598,0,0.0,100.0,True,100.0
XCHANGING.NS,1598,0,0.0,100.0,True,100.0
XELPMOC.NS,1598,0,0.0,100.0,True,100.0
XPROINDIA.NS,1598,0,0.0,100.0,True,100.0
YESBANK.NS,1598,0,0.0,100.0,True,100.0
ZEEL.NS,1598,0,0.0,100.0,True,100.0
ZEELEARN.NS,1598,0,0.0,100.0,True,100.0
ZEEMEDIA.NS,1598,0,0.0,100.0,True,100.0
ZENITHEXPO.NS,1598,0,0.0,100.0,True,100.0
ZENITHSTL.NS,1598,0,0.0,100.0,True,100.0
ZENSARTECH.NS,1598,0,0.0,100.0,True,100.0
ZENTEC.NS,1598,0,0.0,100.0,True,100.0
ZFCVINDIA.NS,1598,0,0.0,100.0,True,100.0
ZODIACLOTH.NS,1598,0,0.0,100.0,True,100.0
ZOTA.NS,1598,0,0.0,100.0,True,100.0
ZUARI.NS,1598,0,0.0,100.0,True,100.0
ZUARIIND.NS,1598,0,0.0,100.0,True,100.0
ZYDUSLIFE.NS,1598,0,0.0,100.0,True,100.0
ZYDUSWELL.NS,1598,0,0.0,100.0,True,100.0
