Symbol,Beta
20MICRONS.NS,1.0711
21STCENMGM.NS,0.25
360ONE.NS,0.6449
3IINFOLTD.NS,0.5427
3MINDIA.NS,0.53
3PLAND.NS,0.508
5PAISA.NS,0.8374
63MOONS.NS,0.887
A2ZINFRA.NS,0.6696
AAATECH.NS,0.5695
AAKASH.NS,0.25
AARON.NS,0.25
AARTIDRUGS.NS,0.9498
AARTIIND.NS,0.7979
AARTISURF.NS,0.821
AARVI.NS,0.5614
AAVAS.NS,0.4592
ABAN.NS,0.7424
ABB.NS,0.5305
ABBOTINDIA.NS,0.4732
ABCAPITAL.NS,1.1091
ABFRL.NS,0.8029
ABINFRA.NS,0.25
ABMINTLLTD.NS,0.25
ABREL.NS,1.1584
ACC.NS,0.7445
ACCELYA.NS,0.5538
ACCORD.NS,0.25
ACCURACY.NS,0.2946
ACE.NS,1.0255
ACEINTEG.NS,0.25
ACL.NS,0.6333
ADANIENSOL.NS,0.9138
ADANIENT.NS,1.2109
ADANIGREEN.NS,0.8013
ADANIPORTS.NS,1.0488
ADANIPOWER.NS,1.2854
ADFFOODS.NS,1.1539
ADL.NS,0.5879
ADOR.NS,0.9003
ADROITINFO.NS,0.25
ADSL.NS,0.7573
ADVANIHOTR.NS,0.5516
ADVENZYMES.NS,0.7601
AEGISLOG.NS,0.8667
AFFLE.NS,0.6193
AGARIND.NS,1.0022
AGI.NS,1.0387
AGRITECH.NS,0.6029
AGROPHOS.NS,0.7227
AHIMSA.NS,0.25
AHLADA.NS,0.2552
AHLEAST.NS,0.7618
AHLUCONT.NS,0.3827
AHLWEST.NS,0.2577
AIAENG.NS,0.3544
AIRAN.NS,0.5171
AIROLAM.NS,0.5559
AISL.NS,0.25
AJANTPHARM.NS,0.3905
AJMERA.NS,1.0224
AJOONI.NS,0.6733
AKASH.NS,0.4865
AKG.NS,0.4065
AKSHARCHEM.NS,1.0239
AKSHOPTFBR.NS,0.5074
ALANKIT.NS,0.6244
ALBERTDAVD.NS,0.8123
ALEMBICLTD.NS,0.9198
ALICON.NS,0.8038
ALKALI.NS,0.9333
ALKEM.NS,0.4354
ALKYLAMINE.NS,0.882
ALLCARGO.NS,0.701
ALLDIGI.NS,0.7936
ALMONDZ.NS,0.3632
ALOKINDS.NS,0.5998
ALPA.NS,1.0878
ALPHAGEO.NS,1.203
AMBER.NS,0.846
AMBICAAGAR.NS,0.3565
AMBIKCO.NS,0.643
AMBUJACEM.NS,0.8261
AMDIND.NS,0.9729
AMJLAND.NS,0.6546
AMRUTANJAN.NS,0.8683
ANANTRAJ.NS,1.2487
ANDHRAPAP.NS,0.8417
ANDHRSUGAR.NS,1.0335
ANGELONE.NS,1.2052
ANIKINDS.NS,0.374
ANKITMETAL.NS,0.5654
ANSALAPI.NS,0.4724
ANTELOPUS.NS,0.9494
ANTGRAPHIC.NS,0.2753
ANUP.NS,0.7224
ANURAS.NS,0.5402
APARINDS.NS,0.6694
APCL.NS,0.9339
APCOTEXIND.NS,0.839
APEX.NS,1.0799
APLAPOLLO.NS,0.7716
APLLTD.NS,0.7687
APOLLO.NS,0.9058
APOLLOHOSP.NS,0.586
APOLLOPIPE.NS,0.7098
APOLLOTYRE.NS,1.0511
APOLSINHOT.NS,0.4786
APTECHT.NS,1.0875
AQYLON.NS,0.3074
ARCHIDPLY.NS,0.9639
ARCHIES.NS,0.7624
ARE&M.NS,0.9827
ARENTERP.NS,0.25
ARIES.NS,1.2655
ARIHANTSUP.NS,0.5631
ARMANFIN.NS,0.6266
AROGRANITE.NS,0.8935
ARROWGREEN.NS,0.4717
ARSHIYA.NS,0.8836
ARTEMISMED.NS,0.7381
ARTNIRMAN.NS,0.25
ARVEE.NS,0.25
ARVIND.NS,0.9738
ARVINDFASN.NS,0.6633
ARVSMART.NS,0.5951
ASAHIINDIA.NS,0.7127
ASAHISONG.NS,0.6569
ASAL.NS,0.7884
ASALCBR.NS,0.8384
ASCOM.NS,0.25
ASHAPURMIN.NS,0.6589
ASHIANA.NS,0.5231
ASHIMASYN.NS,1.0761
ASHOKA.NS,1.0482
ASHOKLEY.NS,1.0675
ASIANHOTNR.NS,0.5937
ASIANPAINT.NS,0.6225
ASIANTILES.NS,0.7887
ASMS.NS,0.5076
ASPINWALL.NS,0.8259
ASTEC.NS,0.8562
ASTERDM.NS,0.6259
ASTRAL.NS,0.7124
ASTRAMICRO.NS,0.72
ASTRAZEN.NS,0.6702
ASTRON.NS,0.762
ATALREAL.NS,0.25
ATGL.NS,0.8882
ATLANTAA.NS,0.404
ATLASCYCLE.NS,0.25
ATUL.NS,0.5491
ATULAUTO.NS,0.8788
AUBANK.NS,0.7925
AURIGROW.NS,0.25
AURIONPRO.NS,0.6051
AUROPHARMA.NS,1.0809
AURUM.NS,0.917
AUSOMENT.NS,0.5122
AUTOAXLES.NS,1.0569
AUTOIND.NS,0.5022
AVADHSUGAR.NS,0.8626
AVANTIFEED.NS,1.08
AVG.NS,0.25
AVROIND.NS,0.25
AVSL.NS,0.25
AVTNPL.NS,1.15
AWHCL.NS,0.9633
AXISBANK.NS,1.4976
AXISCADES.NS,0.5309
AYMSYNTEX.NS,0.4057
BAFNAPH.NS,0.2624
BAGFILMS.NS,0.3638
BAJAJ-AUTO.NS,0.7429
BAJAJCON.NS,0.6929
BAJAJELEC.NS,0.7307
BAJAJFINSV.NS,1.1821
BAJAJHIND.NS,0.5887
BAJAJHLDNG.NS,0.6646
BAJFINANCE.NS,1.139
BALAJITELE.NS,1.0986
BALAMINES.NS,1.1981
BALAXI.NS,0.6046
BALKRISHNA.NS,0.4467
BALKRISIND.NS,0.9791
BALMLAWRIE.NS,0.6347
BALPHARMA.NS,1.0927
BALRAMCHIN.NS,0.9071
BANARBEADS.NS,0.8395
BANARISUG.NS,0.7237
BANCOINDIA.NS,0.6608
BANDHANBNK.NS,0.892
BANG.NS,0.4308
BANKA.NS,0.3964
BANKBARODA.NS,1.1725
BANKINDIA.NS,0.9451
BANSWRAS.NS,0.6675
BASF.NS,0.7009
BASML.NS,1.1624
BATAINDIA.NS,0.7703
BAYERCROP.NS,0.5323
BBL.NS,0.7432
BBOX.NS,0.8525
BBTC.NS,1.0455
BBTCL.NS,0.25
BCG.NS,0.3115
BCLIND.NS,0.8405
BCONCEPTS.NS,0.4417
BDL.NS,0.953
BEARDSELL.NS,0.5706
BECTORFOOD.NS,0.7854
BEDMUTHA.NS,0.3301
BEL.NS,0.7705
BEML.NS,1.0768
BEPL.NS,0.5548
BERGEPAINT.NS,0.757
BESTAGRO.NS,0.9986
BFINVEST.NS,0.9139
BFUTILITIE.NS,1.0981
BGRENERGY.NS,0.8072
BHAGERIA.NS,1.0522
BHAGYANGR.NS,0.4841
BHANDARI.NS,0.7034
BHARATFORG.NS,0.8169
BHARATGEAR.NS,0.7627
BHARATRAS.NS,0.924
BHARATWIRE.NS,0.9543
BHARTIARTL.NS,0.8137
BHEL.NS,1.2092
BIGBLOC.NS,0.7169
BIL.NS,0.5162
BIOCON.NS,0.7649
BIOFILCHEM.NS,0.6083
BIRET.NS,0.25
BIRLACABLE.NS,0.963
BIRLACORPN.NS,0.9812
BIRLAMONEY.NS,1.0256
BIRLANU.NS,0.8702
BLBLIMITED.NS,0.4249
BLISSGVS.NS,0.6737
BLKASHYAP.NS,0.9358
BLS.NS,0.9656
BLUECHIP.NS,0.6336
BLUECOAST.NS,0.25
BLUEDART.NS,0.4836
BLUESTARCO.NS,0.5609
BODALCHEM.NS,0.9753
BOHRAIND.NS,0.25
BOMDYEING.NS,1.4268
BOROLTD.NS,0.891
BORORENEW.NS,0.6584
BOSCH-HCIL.NS,0.4405
BOSCHLTD.NS,0.985
BPCL.NS,1.0881
BPL.NS,1.1289
BRIGADE.NS,0.6385
BRITANNIA.NS,0.7083
BRNL.NS,0.5793
BROOKS.NS,0.6482
BSE.NS,0.9898
BSHSL.NS,0.3362
BSL.NS,0.9626
BSOFT.NS,1.1719
BTML.NS,0.3081
BUTTERFLY.NS,0.9289
BVCL.NS,0.3407
BYKE.NS,0.8153
CADSYS.NS,0.25
CALSOFT.NS,0.5073
CAMLINFINE.NS,0.8389
CAMS.NS,0.8983
CANBK.NS,1.3191
CANFINHOME.NS,0.8516
CANTABIL.NS,0.5039
CAPACITE.NS,1.1242
CAPLIPOINT.NS,0.9212
CAPTRUST.NS,0.569
CARBORUNIV.NS,0.5596
CARERATING.NS,0.4864
CARYSIL.NS,1.117
CASTROLIND.NS,0.708
CCAVENUE.NS,0.8083
CCCL.NS,0.6963
CCHHL.NS,0.3476
CCL.NS,0.6436
CDSL.NS,0.8778
CEATLTD.NS,0.6485
CELEBRITY.NS,0.9768
CEMPRO.NS,1.019
CENTENKA.NS,0.6072
CENTEXT.NS,0.9187
CENTRALBK.NS,0.7752
CENTRUM.NS,0.9347
CENTUM.NS,0.9352
CENTURYPLY.NS,0.5474
CERA.NS,0.3071
CEREBRAINT.NS,0.4409
CESC.NS,0.6832
CGCL.NS,0.3419
CGPOWER.NS,0.6457
CHALET.NS,0.4645
CHAMBLFERT.NS,0.8437
CHEMBOND.NS,0.7887
CHEMCON.NS,0.9539
CHEMFAB.NS,0.6301
CHENNPETRO.NS,0.682
CHOLAFIN.NS,1.2402
CHOLAHLDNG.NS,0.5783
CIEINDIA.NS,0.853
CINELINE.NS,0.7577
CINEVISTA.NS,0.4296
CIPLA.NS,0.5727
CLEDUCATE.NS,0.6864
CLSEL.NS,0.8463
CNL.NS,0.3734
COALINDIA.NS,0.6728
COCHINSHIP.NS,0.8847
COFFEEDAY.NS,0.4354
COFORGE.NS,1.311
COHANCE.NS,0.9301
COLPAL.NS,0.5046
COMPINFO.NS,0.7255
COMPUSOFT.NS,0.6909
CONCOR.NS,0.8038
CONFIPET.NS,0.9036
CONSOFINVT.NS,0.8331
CONTI.NS,0.25
CONTROLPR.NS,0.6315
CORALFINAC.NS,0.9047
CORDSCABLE.NS,0.7072
COROMANDEL.NS,0.543
COSMOFIRST.NS,0.9348
COUNCODOS.NS,0.549
CPCAP.NS,0.7474
CRAFTSMAN.NS,1.0429
CREATIVEYE.NS,0.25
CREDITACC.NS,0.5949
CREST.NS,0.8618
CRISIL.NS,0.4381
CROMPTON.NS,0.5164
CROWN.NS,0.25
CSBBANK.NS,0.8299
CTE.NS,0.5234
CUB.NS,0.8338
CUBEXTUB.NS,0.5415
CUMMINSIND.NS,0.4705
CUPID.NS,0.8334
CURAA.NS,0.25
CYBERMEDIA.NS,0.25
CYBERTECH.NS,1.1283
CYIENT.NS,0.5739
DABUR.NS,0.7587
DALBHARAT.NS,1.0137
DALMIASUG.NS,0.8321
DAMODARIND.NS,0.9478
DANGEE.NS,0.3331
DATAMATICS.NS,1.2052
DBCORP.NS,0.5729
DBL.NS,0.8959
DBREALTY.NS,0.8991
DBSTOCKBRO.NS,0.5313
DCAL.NS,0.8403
DCBBANK.NS,0.6594
DCI.NS,0.25
DCM.NS,0.5467
DCMFINSERV.NS,0.3054
DCMNVL.NS,0.5813
DCMSHRIRAM.NS,0.7277
DCW.NS,1.0819
DECCANCE.NS,0.9149
DEEPAKFERT.NS,0.9278
DEEPAKNTR.NS,1.0375
DEEPINDS.NS,1.4913
DELPHIFX.NS,0.5625
DELTACORP.NS,0.9888
DELTAMAGNT.NS,0.8505
DEN.NS,0.8712
DENORA.NS,0.7736
DEVIT.NS,0.431
DGCONTENT.NS,0.25
DHAMPURSUG.NS,0.8531
DHANBANK.NS,0.8183
DHANUKA.NS,1.061
DHUNINV.NS,0.6615
DIACABS.NS,0.7603
DIAMONDYD.NS,0.4406
DICIND.NS,0.6976
DIGISPICE.NS,0.7474
DIGJAMLMTD.NS,0.25
DISHTV.NS,0.6873
DIVISLAB.NS,0.7401
DIXON.NS,0.9576
DLF.NS,1.4016
DLINKINDIA.NS,1.1494
DMART.NS,0.6383
DNAMEDIA.NS,0.25
DOLATALGO.NS,1.0392
DOLLAR.NS,0.8817
DOLPHIN.NS,0.25
DONEAR.NS,0.4919
DPABHUSHAN.NS,0.4484
DPSCLTD.NS,0.7075
DPWIRES.NS,0.4858
DRCSYSTEMS.NS,0.2776
DREDGECORP.NS,1.0983
DRREDDY.NS,0.6483
DRSDILIP.NS,0.25
DSSL.NS,1.0167
DTIL.NS,0.8084
DUCON.NS,0.3304
DVL.NS,0.8348
DWARKESH.NS,0.6144
DYNAMATECH.NS,0.807
DYNPRO.NS,0.9064
E2E.NS,0.3699
EASEMYTRIP.NS,1.2445
EASTSILK.NS,0.4233
ECLERX.NS,0.4999
EDELWEISS.NS,0.7006
EICHERMOT.NS,0.6714
EIDPARRY.NS,0.8726
EIFFL.NS,0.4135
EIHAHOTELS.NS,0.5833
EIHOTEL.NS,0.8925
EIMCOELECO.NS,0.6494
EKC.NS,0.9056
ELECON.NS,0.6552
ELECTCAST.NS,0.9295
ELECTHERM.NS,0.5663
ELGIEQUIP.NS,0.561
ELGIRUBCO.NS,0.716
EMAMILTD.NS,0.7512
EMAMIREAL.NS,0.748
EMBASSY.NS,0.3101
EMBDL.NS,1.0039
EMKAY.NS,1.2694
EMKAYTOOLS.NS,0.2972
EMMBI.NS,0.8105
ENDURANCE.NS,0.3537
ENERGYDEV.NS,0.513
ENGINERSIN.NS,0.9143
ENIL.NS,0.8587
EPL.NS,0.9083
EQUIPPP.NS,0.9125
EQUITASBNK.NS,0.7184
ERIS.NS,0.5115
ESABINDIA.NS,0.5591
ESCORTS.NS,0.9938
ESSARSHPNG.NS,0.6717
ESSENTIA.NS,0.25
ESTER.NS,0.7842
EUROTEXIND.NS,0.2915
EVEREADY.NS,0.6808
EVERESTIND.NS,1.1312
EXCELINDUS.NS,0.9187
EXIDEIND.NS,0.7907
EXPLEOSOL.NS,0.7452
FACT.NS,0.7511
FAIRCHEMOR.NS,0.5724
FCL.NS,1.1983
FCSSOFT.NS,0.25
FDC.NS,0.7222
FEDERALBNK.NS,1.1828
FEL.NS,0.724
FELDVR.NS,0.5607
FELIX.NS,0.25
FIEMIND.NS,0.7732
FILATEX.NS,1.1789
FINCABLES.NS,0.7475
FINEORG.NS,0.5576
FINPIPE.NS,0.7074
FLEXITUFF.NS,0.4325
FLFL.NS,0.25
FLUOROCHEM.NS,0.6904
FMGOETZE.NS,0.5986
FMNL.NS,0.3845
FOCUS.NS,0.4129
FORCEMOT.NS,1.1349
FORTIS.NS,0.4615
FOSECOIND.NS,0.6417
FSL.NS,0.9631
GABRIEL.NS,0.7411
GAEL.NS,0.9968
GAIL.NS,0.817
GALAXYSURF.NS,0.5138
GALLANTT.NS,0.5584
GANDHITUBE.NS,0.4534
GANECOS.NS,0.8537
GANESHHOU.NS,0.8302
GANGAFORGE.NS,0.6867
GANGESSECU.NS,0.8717
GARFIBRES.NS,0.56
GATECH.NS,0.25
GATECHDVR.NS,0.25
GAYAHWS.NS,0.8874
GAYAPROJ.NS,0.5697
GEECEE.NS,0.9678
GEEKAYWIRE.NS,0.3722
GENCON.NS,0.5174
GENESYS.NS,0.8014
GENUSPAPER.NS,0.987
GENUSPOWER.NS,0.7744
GEOJITFSL.NS,0.7798
GESHIP.NS,0.7225
GFLLIMITED.NS,0.6915
GHCL.NS,1.0311
GICHSGFIN.NS,0.8455
GICL.NS,0.25
GICRE.NS,0.9411
GILLANDERS.NS,0.7441
GILLETTE.NS,0.4306
GINNIFILA.NS,0.9761
GIPCL.NS,0.7644
GIRIRAJ.NS,0.25
GKWLIMITED.NS,0.25
GLAND.NS,0.2799
GLAXO.NS,0.4189
GLENMARK.NS,1.1235
GLFL.NS,0.25
GLOBAL.NS,0.25
GLOBALVECT.NS,0.6301
GLOBE.NS,0.3702
GLOBUSSPR.NS,0.911
GMBREW.NS,0.9182
GMDCLTD.NS,1.2095
GMMPFAUDLR.NS,0.5895
GMRAIRPORT.NS,1.171
GNA.NS,0.8397
GNFC.NS,0.8717
GOACARBON.NS,0.8724
GOCLCORP.NS,0.9916
GODFRYPHLP.NS,0.8038
GODREJAGRO.NS,0.7089
GODREJCP.NS,0.7567
GODREJIND.NS,0.5092
GODREJPROP.NS,1.4872
GOKEX.NS,0.9896
GOKUL.NS,0.5713
GOKULAGRO.NS,0.7814
GOODLUCK.NS,1.0484
GPIL.NS,1.1148
GPPL.NS,0.5331
GPTINFRA.NS,1.1776
GRANULES.NS,1.1191
GRAPHITE.NS,1.2321
GRASIM.NS,1.2353
GRAVITA.NS,0.8204
GREAVESCOT.NS,0.7902
GREENLAM.NS,0.3702
GREENPANEL.NS,0.7183
GREENPLY.NS,1.2161
GREENPOWER.NS,0.8055
GRETEX.NS,0.25
GRINDWELL.NS,0.4592
GROBTEA.NS,0.5996
GRPLTD.NS,0.9852
GRSE.NS,1.1099
GSFC.NS,0.8335
GSS.NS,0.5959
GTECJAINX.NS,0.25
GTL.NS,0.3465
GTLINFRA.NS,0.9622
GTPL.NS,0.9517
GUFICBIO.NS,1.0055
GUJALKALI.NS,1.2957
GUJAPOLLO.NS,0.4967
GUJGASLTD.NS,0.5431
GUJRAFFIA.NS,0.5716
GULFOILLUB.NS,0.5606
GULFPETRO.NS,0.6347
GULPOLY.NS,0.5054
GVKPIL.NS,0.6185
GVPIL.NS,0.814
GVPTECH.NS,0.25
GVT&D.NS,0.7276
HAL.NS,0.6683
HALEOSLABS.NS,1.066
HAPPSTMNDS.NS,0.6479
HARRMALAYA.NS,0.6945
HATHWAY.NS,1.2519
HATSUN.NS,0.7132
HAVELLS.NS,0.642
HAVISHA.NS,0.2727
HBLENGINE.NS,0.8468
HBSL.NS,0.25
HCC.NS,0.9776
HCG.NS,0.5197
HCL-INSYS.NS,0.697
HCLTECH.NS,0.9271
HDFCAMC.NS,0.9959
HDFCBANK.NS,1.1879
HDFCLIFE.NS,0.9382
HDIL.NS,0.2682
HEADSUP.NS,0.6161
HECPROJECT.NS,0.354
HEG.NS,1.1907
HEIDELBERG.NS,0.6601
HEMIPROP.NS,1.195
HERANBA.NS,0.9342
HERITGFOOD.NS,0.7119
HEROMOTOCO.NS,0.8735
HESTERBIO.NS,0.6088
HEXATRADEX.NS,0.3655
HFCL.NS,1.2379
HGINFRA.NS,0.9477
HGM.NS,0.6165
HGS.NS,0.6908
HIKAL.NS,0.9488
HILTON.NS,0.4865
HIMATSEIDE.NS,1.046
HINDALCO.NS,1.3703
HINDCOMPOS.NS,0.7279
HINDCON.NS,0.3514
HINDCOPPER.NS,1.4335
HINDOILEXP.NS,0.9738
HINDPETRO.NS,0.9026
HINDUNILVR.NS,0.7011
HINDWAREAP.NS,1.0695
HINDZINC.NS,0.8406
HIRECT.NS,1.0455
HISARMETAL.NS,0.8987
HITECH.NS,0.7311
HITECHCORP.NS,0.6866
HITECHGEAR.NS,0.9723
HLEGLAS.NS,0.9342
HLVLTD.NS,0.5111
HMT.NS,0.551
HMVL.NS,0.7205
HNDFDS.NS,0.8433
HOMEFIRST.NS,0.6528
HONAUT.NS,0.8157
HPIL.NS,0.25
HPL.NS,0.9458
HSCL.NS,0.8683
HTMEDIA.NS,0.7708
HUBTOWN.NS,0.5789
HUDCO.NS,1.0403
HUHTAMAKI.NS,0.7541
IBULLSLTD.NS,0.4421
ICEMAKE.NS,0.8483
ICICIBANK.NS,1.3103
ICICIGI.NS,0.9522
ICICIPRULI.NS,1.1431
ICIL.NS,0.947
ICRA.NS,0.3561
IDBI.NS,1.0293
IDEA.NS,0.834
IDFCFIRSTB.NS,1.1844
IEX.NS,0.8212
IFBAGRO.NS,0.6721
IFBIND.NS,0.8256
IFCI.NS,1.0486
IFGLEXPOR.NS,1.0034
IGARASHI.NS,1.1673
IGL.NS,0.7626
IGPL.NS,0.8304
IIFL.NS,1.0682
IIFLCAPS.NS,0.9469
IITL.NS,0.4646
IL&FSENGG.NS,0.3249
IL&FSTRANS.NS,0.381
IMAGICAA.NS,0.4926
IMFA.NS,1.1645
IMPAL.NS,0.4296
IMPEXFERRO.NS,0.25
INCREDIBLE.NS,0.4981
INDBANK.NS,0.8004
INDHOTEL.NS,0.694
INDIACEM.NS,1.0165
INDIAGLYCO.NS,1.205
INDIAMART.NS,0.6483
INDIANB.NS,0.9328
INDIANCARD.NS,0.5912
INDIANHUME.NS,1.2222
INDIGO.NS,1.1408
INDIGOPNTS.NS,0.6776
INDIGRID.NS,0.25
INDNIPPON.NS,0.8094
INDOCO.NS,1.0381
INDORAMA.NS,0.5029
INDOSTAR.NS,0.6554
INDOTECH.NS,0.8249
INDOTHAI.NS,0.5197
INDOWIND.NS,0.3181
INDRAMEDCO.NS,0.9545
INDSWFTLAB.NS,0.551
INDTERRAIN.NS,0.95
INDUSINDBK.NS,1.4015
INDUSTOWER.NS,0.9758
INFOBEAN.NS,0.706
INFOMEDIA.NS,0.25
INFY.NS,0.9379
INGERRAND.NS,0.4854
INNOVANA.NS,0.25
INOXWIND.NS,0.9242
INSECTICID.NS,0.9944
INSPIRISYS.NS,0.7688
INTELLECT.NS,1.1554
INTENTECH.NS,0.9474
INVENTURE.NS,0.8403
IOB.NS,0.7798
IOC.NS,0.7453
IOLCP.NS,0.8096
IPCALAB.NS,0.4486
IRB.NS,0.9744
IRBINVIT.NS,0.25
IRCON.NS,0.857
IRCTC.NS,0.7872
IRFC.NS,0.8149
IRISDOREME.NS,0.3102
ISFT.NS,0.4083
ISGEC.NS,0.8041
IT.NS,0.8447
ITC.NS,0.6508
ITDC.NS,0.8995
ITI.NS,0.9325
IVC.NS,0.6559
IVP.NS,0.6576
IZMO.NS,0.5416
J&KBANK.NS,1.2068
JAGRAN.NS,0.7003
JAGSNPHARM.NS,1.2562
JAIBALAJI.NS,0.8862
JAICORPLTD.NS,1.3443
JAIPURKURT.NS,0.25
JAKHARIA.NS,0.25
JALAN.NS,0.25
JAMNAAUTO.NS,1.1324
JASH.NS,0.6602
JAYAGROGN.NS,0.9059
JAYBARMARU.NS,1.0379
JAYNECOIND.NS,0.6576
JAYSREETEA.NS,0.8675
JBCHEPHARM.NS,0.5451
JBMA.NS,0.7764
JETFREIGHT.NS,0.25
JETKNIT.NS,0.25
JHS.NS,1.0108
JINDALPHOT.NS,0.8567
JINDALPOLY.NS,1.0877
JINDALSAW.NS,1.2058
JINDALSTEL.NS,1.6078
JINDRILL.NS,0.8132
JINDWORLD.NS,0.5142
JISLDVREQS.NS,0.8206
JISLJALEQS.NS,0.9374
JITFINFRA.NS,0.4017
JKCEMENT.NS,0.725
JKIL.NS,0.9068
JKLAKSHMI.NS,0.811
JKPAPER.NS,1.0388
JKTYRE.NS,0.7827
JMA.NS,0.8838
JMFINANCIL.NS,0.9886
JOCIL.NS,0.884
JPOLYINVST.NS,0.25
JPPOWER.NS,0.6331
JSL.NS,1.0962
JSWDULUX.NS,0.3627
JSWENERGY.NS,0.8288
JSWHL.NS,0.8876
JSWSTEEL.NS,1.175
JTEKTINDIA.NS,0.9297
JUBLFOOD.NS,0.9353
JUBLINGREA.NS,1.0388
JUBLPHARMA.NS,0.893
JUSTDIAL.NS,0.8881
JWL.NS,0.9121
JYOTHYLAB.NS,0.7215
JYOTISTRUC.NS,0.3795
KABRAEXTRU.NS,0.8791
KAJARIACER.NS,0.4485
KAKATCEM.NS,0.7676
KALYANIFRG.NS,0.5484
KALYANKJIL.NS,1.0689
KAMATHOTEL.NS,0.7886
KAMDHENU.NS,1.0906
KANANIIND.NS,0.2885
KANORICHEM.NS,0.7738
KANPRPLA.NS,0.5487
KANSAINER.NS,0.478
KAPSTON.NS,0.25
KARMAENG.NS,0.3696
KARURVYSYA.NS,1.02
KAUSHALYA.NS,0.6589
KAVDEFENCE.NS,0.25
KAYA.NS,0.8805
KCP.NS,1.1493
KCPSUGIND.NS,0.7619
KDDL.NS,0.25
KEC.NS,0.6096
KECL.NS,0.7566
KEEPLEARN.NS,0.25
KEI.NS,0.7327
KELLTONTEC.NS,0.8579
KERNEX.NS,0.4554
KESORAMIND.NS,1.0446
KEYFINSERV.NS,0.3847
KHADIM.NS,0.8926
KHAICHEM.NS,0.9056
KHAITANLTD.NS,0.25
KHANDSE.NS,0.2637
KHFM.NS,0.25
KICL.NS,0.7122
KILITCH.NS,1.1578
KINGFA.NS,1.0094
KIOCL.NS,0.783
KIRIINDUS.NS,0.9766
KIRLOSBROS.NS,0.931
KIRLOSENG.NS,0.863
KIRLOSIND.NS,0.5845
KITEX.NS,1.1397
KKCL.NS,0.6074
KMSUGAR.NS,0.949
KNRCON.NS,0.5749
KOHINOOR.NS,0.4227
KOKUYOCMLN.NS,1.029
KOLTEPATIL.NS,0.8802
KOPRAN.NS,1.2608
KOTAKBANK.NS,0.9714
KOTARISUG.NS,0.901
KOTHARIPET.NS,0.806
KOTHARIPRO.NS,0.963
KPIL.NS,0.5352
KPITTECH.NS,0.7974
KPRMILL.NS,0.6539
KRBL.NS,0.6651
KREBSBIO.NS,0.7422
KRIDHANINF.NS,0.2503
KRISHANA.NS,0.2695
KRITI.NS,0.347
KRITIKA.NS,0.25
KSB.NS,0.5836
KSCL.NS,0.4397
KSHITIJPOL.NS,0.25
KSL.NS,1.2691
KSOLVES.NS,0.7503
KTKBANK.NS,0.9742
KUANTUM.NS,0.7191
LAGNAM.NS,0.4997
LAKPRE.NS,0.25
LALPATHLAB.NS,0.5561
LAMBODHARA.NS,0.9099
LANDSMILL.NS,0.3736
LAOPALA.NS,0.7009
LASA.NS,0.6666
LATTEYS.NS,0.25
LAURUSLABS.NS,0.9359
LAXMICOT.NS,0.3118
LCCINFOTEC.NS,0.25
LEMONTREE.NS,0.5431
LEXUS.NS,0.25
LFIC.NS,0.8086
LGBBROSLTD.NS,0.9157
LGHL.NS,0.25
LIBAS.NS,0.4799
LIBERTSHOE.NS,1.1749
LICHSGFIN.NS,1.1617
LICNFNHGP.NS,0.3718
LIKHITHA.NS,0.8844
LINC.NS,0.7808
LINCOLN.NS,0.8688
LINDEINDIA.NS,0.8386
LLOYDSENGG.NS,0.6607
LMW.NS,0.7461
LODHA.NS,1.4088
LOKESHMACH.NS,0.485
LOTUSEYE.NS,0.3065
LOVABLE.NS,0.9177
LPDC.NS,0.5202
LT.NS,0.9515
LTF.NS,1.5954
LTFOODS.NS,1.1092
LTM.NS,0.6769
LTTS.NS,0.6325
LUMAXIND.NS,0.8129
LUMAXTECH.NS,1.1593
LUPIN.NS,0.5596
LUXIND.NS,0.7499
LXCHEM.NS,1.2392
LYKALABS.NS,0.7092
LYPSAGEMS.NS,0.2794
M&M.NS,1.1562
M&MFIN.NS,1.0856
MAANALU.NS,0.7818
MACPOWER.NS,0.388
MADHAV.NS,0.5747
MADHUCON.NS,0.25
MADRASFERT.NS,0.7871
MAFANG.NS,0.6398
MAGADSUGAR.NS,0.9579
MAGNUM.NS,0.3396
MAHABANK.NS,0.7677
MAHAPEXLTD.NS,0.4595
MAHASTEEL.NS,0.4794
MAHEPC.NS,1.0602
MAHESHWARI.NS,0.5573
MAHICKRA.NS,0.3079
MAHLIFE.NS,0.5387
MAHLOG.NS,0.5549
MAHSCOOTER.NS,0.8155
MAHSEAMLES.NS,0.8222
MAITHANALL.NS,1.0535
MALUPAPER.NS,1.2117
MANAKALUCO.NS,0.9922
MANAKCOAT.NS,0.2533
MANAKSIA.NS,0.9477
MANAKSTEEL.NS,0.6317
MANALIPETC.NS,1.0795
MANAPPURAM.NS,1.3624
MANAV.NS,0.25
MANGALAM.NS,0.4696
MANGLMCEM.NS,0.8219
MANINDS.NS,1.1415
MANINFRA.NS,1.0579
MANUGRAPH.NS,0.25
MARALOVER.NS,0.6299
MARATHON.NS,0.8536
MARICO.NS,0.5443
MARINE.NS,0.4885
MARKSANS.NS,1.255
MARUTI.NS,1.0184
MASFIN.NS,0.6668
MASKINVEST.NS,0.3726
MASTEK.NS,0.8931
MATRIMONY.NS,0.4262
MAWANASUG.NS,0.8991
MAXHEALTH.NS,0.636
MAXIND.NS,0.4987
MAYURUNIQ.NS,0.6946
MAZDA.NS,0.9132
MAZDOCK.NS,1.133
MBAPL.NS,0.3235
MBLINFRA.NS,0.4131
MCL.NS,0.8231
MCLEODRUSS.NS,0.6669
MCX.NS,0.9246
MDL.NS,0.25
MENONBE.NS,0.6008
MEP.NS,0.7253
METROPOLIS.NS,0.6874
MFSL.NS,0.9426
MGEL.NS,0.4162
MGL.NS,0.783
MHHL.NS,0.6533
MHRIL.NS,0.9211
MICEL.NS,0.7792
MIDHANI.NS,1.0103
MILTON.NS,0.25
MINDACORP.NS,0.7373
MINDPOOL.NS,0.25
MINDSPACE.NS,0.25
MINDTECK.NS,0.9458
MIRCELECTR.NS,0.7622
MIRZAINT.NS,1.1454
MITCON.NS,0.25
MITTAL.NS,0.6341
MKPL.NS,0.25
MMFL.NS,0.9541
MMP.NS,0.6376
MMTC.NS,0.8232
MODIRUBBER.NS,0.2563
MODISONLTD.NS,0.8518
MOHITIND.NS,0.4442
MOIL.NS,0.9132
MOKSH.NS,0.406
MOLDTECH.NS,0.7501
MOLDTKPAC.NS,0.6199
MONTECARLO.NS,0.784
MOREPENLAB.NS,1.2879
MOTHERSON.NS,1.4371
MOTILALOFS.NS,1.0754
MOTOGENFIN.NS,0.5025
MPHASIS.NS,0.658
MPSLTD.NS,1.1214
MPTODAY.NS,0.25
MRF.NS,0.6532
MRPL.NS,0.4854
MSPL.NS,0.6821
MSTCLTD.NS,1.1665
MTARTECH.NS,0.832
MTEDUCARE.NS,0.398
MTNL.NS,0.7435
MUKANDLTD.NS,0.9923
MUKTAARTS.NS,0.7448
MUNJALAU.NS,0.783
MUNJALSHOW.NS,1.0169
MURUDCERA.NS,1.0475
MUTHOOTCAP.NS,0.7385
MUTHOOTFIN.NS,1.2119
NACLIND.NS,0.6966
NAGAFERT.NS,0.2916
NAGREEKCAP.NS,0.554
NAGREEKEXP.NS,0.6009
NAHARCAP.NS,0.8085
NAHARINDUS.NS,1.0394
NAHARPOLY.NS,0.9531
NAHARSPING.NS,0.9857
NAM-INDIA.NS,1.0145
NARMADA.NS,0.25
NATCOPHARM.NS,0.6625
NATHBIOGEN.NS,0.8598
NATIONALUM.NS,1.132
NAUKRI.NS,1.1602
NAVA.NS,1.0588
NAVINFLUOR.NS,0.641
NAVKARCORP.NS,1.2479
NAVNETEDUL.NS,0.557
NAZARA.NS,0.973
NBCC.NS,0.885
NBIFIN.NS,0.4445
NCC.NS,1.1981
NCLIND.NS,0.7926
NDGL.NS,0.4491
NDL.NS,0.5944
NDLVENTURE.NS,0.8619
NDRAUTO.NS,1.2929
NDTV.NS,0.9493
NECCLTD.NS,0.7736
NECLIFE.NS,1.3597
NELCAST.NS,1.1614
NELCO.NS,0.9512
NEOGEN.NS,0.5639
NESCO.NS,0.6895
NESTLEIND.NS,0.7354
NETWORK18.NS,0.8766
NEULANDLAB.NS,1.0333
NEWGEN.NS,0.8274
NEXTMEDIA.NS,0.277
NFL.NS,0.8489
NH.NS,0.3793
NHPC.NS,0.6007
NIACL.NS,0.9529
NIBL.NS,0.4515
NIITLTD.NS,1.0087
NILAINFRA.NS,1.1098
NILASPACES.NS,0.3112
NILKAMAL.NS,0.4487
NIPPOBATRY.NS,0.902
NIRAJ.NS,0.8084
NITCO.NS,0.554
NITINSPIN.NS,0.644
NITIRAJ.NS,0.3417
NKIND.NS,0.25
NLCINDIA.NS,0.6429
NMDC.NS,0.9633
NOCIL.NS,1.1581
NOIDATOLL.NS,0.6752
NORBTEAEXP.NS,0.25
NPBET.NS,0.74
NRAIL.NS,0.7748
NRBBEARING.NS,0.6194
NSIL.NS,0.5503
NTPC.NS,0.675
NUCLEUS.NS,0.6771
NURECA.NS,0.9636
OAL.NS,0.9693
OBEROIRLTY.NS,0.8419
OFSS.NS,0.7311
OIL.NS,0.6357
OILCOUNTUB.NS,0.25
OLECTRA.NS,0.9017
OMAXAUTO.NS,0.7723
OMAXE.NS,0.5567
OMFURN.NS,0.25
OMINFRAL.NS,0.7968
ONELIFECAP.NS,0.4236
ONEPOINT.NS,0.6452
ONGC.NS,0.6519
ONMOBILE.NS,1.3535
ONWARDTEC.NS,0.8281
OPTIEMUS.NS,0.7296
ORBTEXP.NS,0.9211
ORCHPHARMA.NS,0.2511
ORICONENT.NS,0.7457
ORIENTALTL.NS,0.6095
ORIENTBELL.NS,0.757
ORIENTCEM.NS,1.1398
ORIENTCER.NS,0.9707
ORIENTELEC.NS,0.4062
ORIENTHOT.NS,0.7356
ORIENTLTD.NS,0.5783
ORIENTPPR.NS,1.3043
ORISSAMINE.NS,0.982
ORTEL.NS,0.25
ORTINGLOBE.NS,0.5466
OSIAHYPER.NS,0.3298
OSWALAGRO.NS,1.1494
OSWALGREEN.NS,0.8836
OSWALSEEDS.NS,0.294
PAGEIND.NS,0.5391
PAISALO.NS,0.5201
PALASHSECU.NS,0.4463
PALREDTEC.NS,0.3526
PANACEABIO.NS,0.5033
PANACHE.NS,0.5128
PANAMAPET.NS,0.9335
PANSARI.NS,0.25
PAR.NS,0.7772
PARACABLES.NS,0.585
PARAGMILK.NS,1.2081
PARASPETRO.NS,0.25
PARIN.NS,0.4355
PARSVNATH.NS,0.2983
PARTYCRUS.NS,0.6955
PASHUPATI.NS,0.25
PATANJALI.NS,0.7906
PATELENG.NS,1.2404
PATINTLOG.NS,0.7161
PAVNAIND.NS,0.6078
PCBL.NS,1.1152
PCJEWELLER.NS,0.8885
PDMJEPAPER.NS,0.7806
PDSL.NS,0.5621
PEARLPOLY.NS,0.4664
PENIND.NS,0.8513
PENINLAND.NS,0.4431
PERSISTENT.NS,0.6591
PETRONET.NS,0.5741
PFC.NS,1.2597
PFIZER.NS,0.3621
PFOCUS.NS,0.6668
PFS.NS,1.0535
PGEL.NS,0.9254
PGHH.NS,0.3207
PGHL.NS,0.595
PGIL.NS,0.8077
PGINVIT.NS,0.25
PHOENIXLTD.NS,0.5768
PIDILITIND.NS,0.6718
PIGL.NS,0.25
PIIND.NS,0.8802
PILANIINVS.NS,0.7274
PILITA.NS,0.8018
PIONEEREMB.NS,0.7295
PITTIENG.NS,0.9735
PKTEA.NS,0.4751
PLASTIBLEN.NS,0.7759
PNB.NS,1.0294
PNBHOUSING.NS,0.9999
PNC.NS,0.6555
PNCINFRA.NS,0.6855
POCL.NS,0.4657
PODDARMENT.NS,0.6618
POKARNA.NS,0.7283
POLYCAB.NS,0.9925
POLYMED.NS,0.6884
POLYPLEX.NS,1.1181
PONNIERODE.NS,0.7134
POONAWALLA.NS,1.0004
POWERGRID.NS,0.5262
POWERINDIA.NS,0.6246
POWERMECH.NS,0.8714
PPAP.NS,0.873
PPL.NS,0.9432
PRAENG.NS,0.881
PRAJIND.NS,1.0876
PRAKASH.NS,1.3366
PRAKASHSTL.NS,0.25
PRAXIS.NS,0.25
PRECAM.NS,0.754
PRECOT.NS,0.4955
PRECWIRE.NS,0.8194
PREMEXPLN.NS,0.4628
PREMIER.NS,0.25
PREMIERPOL.NS,0.4351
PRESTIGE.NS,1.2671
PRICOLLTD.NS,0.9776
PRIMESECU.NS,1.0175
PRINCEPIPE.NS,0.95
PRITI.NS,0.5517
PRIVISCL.NS,0.627
PROLIFE.NS,0.25
PROZONER.NS,0.8436
PRSMJOHNSN.NS,0.8495
PSB.NS,0.8379
PSPPROJECT.NS,0.7318
PTC.NS,0.5955
PTL.NS,0.6396
PULZ.NS,0.25
PUNJABCHEM.NS,0.7523
PURVA.NS,1.1391
PVP.NS,0.2768
PVRINOX.NS,0.7999
QUESS.NS,0.7716
QUICKHEAL.NS,1.2059
RADAAN.NS,0.3327
RADICO.NS,0.7501
RADIOCITY.NS,0.3015
RAILTEL.NS,1.1688
RAIN.NS,1.0865
RAJESHEXPO.NS,0.6522
RAJMET.NS,0.2678
RAJRATAN.NS,0.9662
RAJRILTD.NS,0.3008
RAJSREESUG.NS,0.7076
RAJTV.NS,0.5882
RALLIS.NS,0.784
RAMANEWS.NS,0.9336
RAMASTEEL.NS,0.5012
RAMCOCEM.NS,0.6721
RAMCOIND.NS,0.7473
RAMCOSYS.NS,0.8434
RAMKY.NS,0.8575
RANASUG.NS,0.5458
RANEHOLDIN.NS,1.0157
RATNAMANI.NS,0.5607
RAYMOND.NS,1.1658
RBA.NS,0.6349
RBLBANK.NS,1.3395
RCF.NS,0.9853
RCOM.NS,0.8386
RECLTD.NS,1.0024
REDINGTON.NS,0.6295
REFEX.NS,0.9466
REGENCERAM.NS,0.25
RELAXO.NS,0.4573
RELIABLE.NS,0.3944
RELIANCE.NS,1.2092
RELIGARE.NS,0.754
REMSONSIND.NS,0.9618
RENUKA.NS,0.8803
REPCOHOME.NS,0.8355
REPL.NS,0.4051
REPRO.NS,0.8102
RESPONIND.NS,0.6601
RGL.NS,1.0316
RHFL.NS,0.4377
RHIM.NS,0.6593
RICOAUTO.NS,1.1954
RIIL.NS,1.3375
RITES.NS,0.6582
RKDL.NS,0.25
RKEC.NS,0.7077
RKFORGE.NS,1.0742
RMDRIP.NS,0.566
RML.NS,1.1844
ROHLTD.NS,0.9443
ROLLT.NS,0.3354
ROML.NS,0.3518
ROSSARI.NS,0.7065
ROSSELLIND.NS,0.6189
ROUTE.NS,0.5562
RPGLIFE.NS,0.9168
RPOWER.NS,0.7524
RPPINFRA.NS,0.7224
RPPL.NS,0.4391
RPSGVENT.NS,1.0236
RSSOFTWARE.NS,0.4227
RSWM.NS,0.9594
RSYSTEMS.NS,0.7314
RTNINDIA.NS,0.6497
RTNPOWER.NS,0.642
RUBYMILLS.NS,1.0254
RUCHINFRA.NS,0.5265
RUCHIRA.NS,1.1898
RUPA.NS,0.9783
RUSHIL.NS,0.8983
RVHL.NS,0.7202
RVNL.NS,0.9972
S&SPOWER.NS,0.4206
SADBHAV.NS,0.645
SADBHIN.NS,0.592
SAFARI.NS,0.5036
SAGARDEEP.NS,0.3013
SAGCEM.NS,0.9646
SAIL.NS,1.52
SAKAR.NS,0.3971
SAKHTISUG.NS,0.8426
SAKSOFT.NS,1.0826
SAKUMA.NS,1.0515
SALASAR.NS,0.7327
SALONA.NS,0.8182
SALSTEEL.NS,0.4886
SALZERELEC.NS,0.903
SAMBHAAV.NS,0.5266
SAMMAANCAP.NS,1.4717
SAMPANN.NS,0.7725
SANCO.NS,0.4966
SANDESH.NS,0.5873
SANDHAR.NS,0.9502
SANGAMIND.NS,0.8089
SANGHVIMOV.NS,0.903
SANGINITA.NS,0.25
SANOFI.NS,0.3553
SANWARIA.NS,0.4605
SARDAEN.NS,1.1538
SAREGAMA.NS,0.5293
SARLAPOLY.NS,1.0744
SARVESHWAR.NS,0.3652
SASKEN.NS,0.6215
SATIA.NS,0.8221
SATIN.NS,0.6692
SBICARD.NS,0.7284
SBILIFE.NS,0.8538
SBIN.NS,1.1998
SCHAEFFLER.NS,0.4408
SCHAND.NS,0.4094
SCHNEIDER.NS,0.8645
SCI.NS,1.026
SDBL.NS,0.7951
SEAMECLTD.NS,0.9308
SECURKLOUD.NS,0.25
SEJALLTD.NS,0.2858
SELMC.NS,0.25
SEMAC.NS,0.4267
SEPC.NS,0.277
SERVOTECH.NS,0.3341
SESHAPAPER.NS,1.0708
SETCO.NS,0.6349
SEYAIND.NS,0.25
SFL.NS,0.2984
SGL.NS,0.3778
SHAH.NS,0.25
SHAHALLOYS.NS,0.25
SHAIVAL.NS,0.25
SHAKTIPUMP.NS,0.7552
SHALBY.NS,1.1635
SHALPAINTS.NS,0.9356
SHANKARA.NS,0.6729
SHANTI.NS,0.5073
SHANTIGEAR.NS,0.7012
SHARDACROP.NS,0.799
SHARDAMOTR.NS,1.0066
SHAREINDIA.NS,1.224
SHEKHAWATI.NS,0.25
SHEMAROO.NS,0.8152
SHILPAMED.NS,0.9712
SHIVAMAUTO.NS,1.0686
SHIVAMILLS.NS,0.8232
SHIVATEX.NS,0.674
SHIVAUM.NS,0.25
SHK.NS,0.9232
SHOPERSTOP.NS,0.7715
SHRADHA.NS,0.25
SHREDIGCEM.NS,0.7929
SHREECEM.NS,0.7711
SHREEPUSHK.NS,0.9119
SHREERAMA.NS,0.5649
SHRENIK.NS,0.5241
SHREYANIND.NS,1.021
SHRIPISTON.NS,0.5422
SHRIRAMFIN.NS,1.3532
SHUBHLAXMI.NS,0.4668
SHYAMCENT.NS,0.4985
SHYAMTEL.NS,0.25
SICALLOG.NS,0.2946
SIDDHIKA.NS,0.25
SIEMENS.NS,0.8564
SIGIND.NS,0.6015
SIGMA.NS,0.469
SIGMAADV.NS,0.5934
SIKKO.NS,0.5173
SIL.NS,0.2955
SILGO.NS,0.4221
SILINV.NS,1.0726
SILLYMONKS.NS,0.3189
SIMPLEXINF.NS,0.5634
SINTERCOM.NS,0.25
SIRCA.NS,0.5865
SIS.NS,0.3612
SITINET.NS,0.4197
SIYSIL.NS,0.9319
SJVN.NS,0.713
SKFINDIA.NS,0.5128
SKIPPER.NS,1.163
SKMEGGPROD.NS,0.679
SMARTLINK.NS,0.8021
SMCGLOBAL.NS,0.8023
SMLMAH.NS,0.8917
SMSPHARMA.NS,1.0907
SMVD.NS,0.3033
SNOWMAN.NS,0.7042
SOBHA.NS,0.6786
SOFTTECH.NS,0.4752
SOLARA.NS,1.185
SOLARINDS.NS,0.4372
SOLEX.NS,0.25
SOMANYCERA.NS,0.846
SOMATEX.NS,0.25
SOMICONVEY.NS,0.7362
SONAMLTD.NS,0.25
SONATSOFTW.NS,0.925
SOTL.NS,0.6931
SOUTHBANK.NS,0.8377
SOUTHWEST.NS,0.6492
SPAL.NS,0.6165
SPANDANA.NS,0.7283
SPARC.NS,1.0837
SPCENET.NS,0.5855
SPECIALITY.NS,0.9478
SPECTRUM.NS,0.25
SPENCERS.NS,1.1289
SPIC.NS,0.9119
SPLIL.NS,0.9859
SPLPETRO.NS,0.4616
SPMLINFRA.NS,0.6411
SREEL.NS,1.0004
SRF.NS,0.8606
SRHHYPOLTD.NS,1.2389
SSWL.NS,0.4188
STAR.NS,1.0917
STARCEMENT.NS,0.4771
STARPAPER.NS,1.0388
STCINDIA.NS,0.9489
STEELCITY.NS,0.7219
STEELXIND.NS,0.6968
STEL.NS,1.0853
STERTOOLS.NS,0.7334
STLTECH.NS,1.0416
STOVEKRAFT.NS,0.5546
STYRENIX.NS,0.7398
SUBEXLTD.NS,1.1783
SUBROS.NS,0.8434
SUDARCOLOR.NS,1.0347
SUDARSCHEM.NS,0.9155
SUMEETINDS.NS,0.3761
SUMICHEM.NS,0.7175
SUMIT.NS,0.4786
SUMMITSEC.NS,0.8625
SUNDARAM.NS,0.3685
SUNDARMFIN.NS,0.5856
SUNDRMBRAK.NS,0.6941
SUNDRMFAST.NS,0.3049
SUNDROP.NS,0.7657
SUNFLAG.NS,1.0822
SUNPHARMA.NS,0.7445
SUNTECK.NS,0.9851
SUNTV.NS,1.1478
SUPERHOUSE.NS,1.031
SUPERSPIN.NS,0.3218
SUPRAJIT.NS,0.7156
SUPREMEENG.NS,0.5517
SUPREMEIND.NS,0.3399
SUPREMEINF.NS,0.25
SURANASOL.NS,0.3733
SURANAT&P.NS,0.3123
SURANI.NS,0.25
SURYALAXMI.NS,0.8153
SURYAROSNI.NS,0.8495
SURYODAY.NS,0.7188
SUTLEJTEX.NS,1.1881
SUVEN.NS,0.7989
SUVIDHAA.NS,0.8457
SUZLON.NS,0.772
SVLL.NS,0.25
SWANCORP.NS,0.47
SWANDEF.NS,0.25
SWARAJENG.NS,0.4183
SWELECTES.NS,0.5806
SWSOLAR.NS,0.7166
SYMPHONY.NS,0.6928
SYNGENE.NS,0.502
TAINWALCHM.NS,0.8665
TAJGVK.NS,1.063
TAKE.NS,0.947
TALBROAUTO.NS,0.8274
TANLA.NS,0.7144
TARACHAND.NS,0.4629
TARAPUR.NS,0.2884
TARC.NS,1.0404
TARIL.NS,1.199
TARMAT.NS,0.5382
TASTYBITE.NS,0.8369
TATACHEM.NS,0.9712
TATACOMM.NS,0.7729
TATACONSUM.NS,0.9131
TATAELXSI.NS,1.0037
TATAINVEST.NS,0.6652
TATAPOWER.NS,0.8531
TATASTEEL.NS,1.1156
TBZ.NS,1.2066
TCI.NS,0.7108
TCIEXP.NS,0.5959
TCIFINANCE.NS,0.25
TCPLPACK.NS,1.0057
TCS.NS,0.8102
TDPOWERSYS.NS,0.7534
TEAMGTY.NS,0.4099
TEAMLEASE.NS,0.3992
TECHM.NS,0.8689
TECHNOE.NS,0.4339
TEJASNET.NS,0.8184
TEMBO.NS,0.3025
TERASOFT.NS,0.7579
TEXINFRA.NS,0.8399
TEXMOPIPES.NS,0.8934
TEXRAIL.NS,1.3951
TFCILTD.NS,0.8184
TFL.NS,0.3527
TGBHOTELS.NS,0.3978
THANGAMAYL.NS,0.7508
THEINVEST.NS,0.6318
THEJO.NS,0.5573
THEMISMED.NS,0.8394
THERMAX.NS,0.4941
THOMASCOOK.NS,0.7465
THOMASCOTT.NS,0.409
THYROCARE.NS,0.4487
TI.NS,0.7316
TICL.NS,0.25
TIIL.NS,0.6345
TIINDIA.NS,0.537
TIJARIA.NS,0.2631
TIL.NS,0.8506
TIMETECHNO.NS,0.8516
TIMKEN.NS,0.5564
TIPSMUSIC.NS,0.5934
TIRUMALCHM.NS,1.0178
TIRUPATI.NS,0.25
TIRUPATIFL.NS,0.4663
TITAGARH.NS,1.1161
TITAN.NS,0.9485
TMPV.NS,1.1446
TNPETRO.NS,0.9184
TNPL.NS,0.8109
TNTELE.NS,0.25
TOKYOPLAST.NS,0.5172
TORNTPHARM.NS,0.5037
TORNTPOWER.NS,0.6366
TOTAL.NS,0.6071
TOUCHWOOD.NS,0.5538
TPHQ.NS,0.25
TPLPLASTEH.NS,1.1438
TRANSWIND.NS,0.25
TRANSWORLD.NS,0.7318
TREEHOUSE.NS,0.3729
TREJHARA.NS,0.8143
TRENT.NS,0.8797
TRF.NS,1.0922
TRIDENT.NS,0.8046
TRIGYN.NS,1.059
TRITURBINE.NS,0.6565
TRIVENI.NS,0.9603
TSFINV.NS,0.7445
TTKHLTCARE.NS,0.8322
TTKPRESTIG.NS,0.6436
TTL.NS,0.7228
TTML.NS,0.6689
TVSELECT.NS,1.0243
TVSHLTD.NS,0.6657
TVSMOTOR.NS,0.5963
TVSSRICHAK.NS,0.8661
TVTODAY.NS,0.9162
TVVISION.NS,0.25
UBL.NS,0.6293
UCAL.NS,0.9802
UCL.NS,0.25
UCOBANK.NS,0.6227
UEL.NS,0.538
UFBL.NS,1.1251
UFLEX.NS,0.9112
UFO.NS,0.7986
UGARSUGAR.NS,0.7977
UJJIVANSFB.NS,0.7541
ULTRACEMCO.NS,0.9358
UMESLTD.NS,0.25
UMIYA-MRO.NS,0.4197
UNICHEMLAB.NS,0.544
UNIDT.NS,0.6669
UNIENTER.NS,0.718
UNIINFO.NS,0.3654
UNIONBANK.NS,0.8838
UNITDSPR.NS,0.7913
UNITECH.NS,0.25
UNITEDPOLY.NS,0.25
UNITEDTEA.NS,0.6145
UNIVASTU.NS,0.3856
UNIVCABLES.NS,0.8276
UNIVPHOTO.NS,0.5134
UNOMINDA.NS,0.5737
UPL.NS,0.9705
URAVIDEF.NS,0.25
URJA.NS,0.6204
USHAMART.NS,0.9939
UTIAMC.NS,0.8396
UTTAMSUGAR.NS,1.0081
UWCSL.NS,0.25
V2RETAIL.NS,0.8296
VADILALIND.NS,0.7277
VAIBHAVGBL.NS,1.1055
VAISHALI.NS,0.4904
VAKRANGEE.NS,0.6783
VALIANTORG.NS,0.9145
VARDHACRLC.NS,0.5158
VARDMNPOLY.NS,0.2571
VARROC.NS,0.801
VASA.NS,0.25
VASCONEQ.NS,1.0188
VASWANI.NS,0.842
VBL.NS,0.3755
VEDL.NS,1.122
VEEDOL.NS,0.5875
VENKEYS.NS,0.917
VENUSREM.NS,0.25
VERA.NS,0.25
VERTOZ.NS,0.7635
VESUVIUS.NS,0.6354
VETO.NS,0.8532
VGL.NS,0.6775
VGUARD.NS,0.4849
VHL.NS,0.8128
VHLTD.NS,0.5211
VIDHIING.NS,0.8465
VIJIFIN.NS,0.5223
VIKASECO.NS,0.3461
VIKASLIFE.NS,0.25
VIMTALABS.NS,0.9295
VINATIORGA.NS,0.6111
VINDHYATEL.NS,0.6627
VINNY.NS,0.3621
VINYLINDIA.NS,0.9797
VIPCLOTHNG.NS,0.7409
VIPIND.NS,0.9063
VIPULLTD.NS,0.2705
VISAKAIND.NS,0.7358
VISASTEEL.NS,0.7028
VISHNU.NS,1.012
VISHWARAJ.NS,0.4199
VIVIDHA.NS,0.9769
VIVIMEDLAB.NS,0.7416
VIYASH.NS,1.0395
VLSFINANCE.NS,1.0473
VMARCIND.NS,0.5841
VMART.NS,0.7398
VOLTAMP.NS,0.8158
VOLTAS.NS,0.6815
VRLLOG.NS,0.7086
VSCL.NS,0.25
VSSL.NS,0.6487
VSTIND.NS,0.3897
VSTTILLERS.NS,0.8373
VTL.NS,0.5175
WAAREEINDO.NS,0.25
WABAG.NS,1.0888
WALCHANNAG.NS,1.055
WANBURY.NS,0.4754
WEALTH.NS,0.25
WEBELSOLAR.NS,0.7895
WEIZMANIND.NS,0.7022
WEL.NS,0.3788
WELCORP.NS,0.9117
WELENT.NS,1.0525
WELINV.NS,0.6376
WELSPUNLIV.NS,1.1015
WENDT.NS,0.5779
WESTLIFE.NS,0.4154
WEWIN.NS,0.25
WHEELS.NS,0.6757
WHIRLPOOL.NS,0.5785
WILLAMAGOR.NS,0.647
WINDMACHIN.NS,0.9393
WINSOME.NS,1.7687
WIPL.NS,0.25
WIPRO.NS,0.84
WOCKPHARMA.NS,1.1072
WONDERLA.NS,0.6657
WORTHPERI.NS,0.6972
WSI.NS,0.25
WSTCSTPAPR.NS,0.7902
XCHANGING.NS,0.6832
XELPMOC.NS,0.6576
XPROINDIA.NS,0.7332
YESBANK.NS,0.5906
ZEEL.NS,1.1427
ZEELEARN.NS,0.6505
ZEEMEDIA.NS,0.8509
ZENITHEXPO.NS,0.3856
ZENITHSTL.NS,0.5482
ZENSARTECH.NS,0.8121
ZENTEC.NS,0.9054
ZFCVINDIA.NS,0.5118
ZODIAC.NS,0.3044
ZODIACLOTH.NS,0.7496
ZOTA.NS,0.5352
ZUARI.NS,1.2054
ZUARIIND.NS,0.955
ZYDUSLIFE.NS,0.7799
ZYDUSWELL.NS,0.631
